[2026-05-03 14:25:22] [INFO] ╔════════════════════════════════════════════════════════════╗
[2026-05-03 14:25:22] [INFO] ║  Continuous Polling Loop Automation - Production Entrypoint║
[2026-05-03 14:25:22] [INFO] ╚════════════════════════════════════════════════════════════╝
[2026-05-03 14:25:22] [INFO] Project Root: /home/user/agentic-engineers
[2026-05-03 14:25:22] [INFO] Validating environment...
[2026-05-03 14:25:22] [INFO] Environment validation passed
[2026-05-03 14:25:22] [INFO] Starting AutomationController...
[2026-05-03 14:25:22] [INFO] Configuration:
[2026-05-03 14:25:22] [INFO]   Poll Interval: 5s
[2026-05-03 14:25:22] [INFO]   Log Level: INFO
[2026-05-03 14:25:22] [INFO]   Daemon Mode: true
[2026-05-03 14:25:22] [INFO]   Idle Timeout: 300s
[2026-05-03 14:25:22] [INFO]   Max Cycles: unlimited
[2026-05-03 14:25:22] [INFO]   Metrics File: /home/user/agentic-engineers/metrics/metrics-20260503-142522.json
[2026-05-03 14:25:22] [INFO]   Log File: /home/user/agentic-engineers/logs/automation-20260503-142522.log
[2026-05-03 14:25:22] [INFO] Running: python3 -m orchestration.agents.automation --daemon --poll-interval 5 --idle-timeout 300 --log-level INFO --metrics-file /home/user/agentic-engineers/metrics/metrics-20260503-142522.json
   Queue Manager initialized: /home/user/.copilot/queue (agent_context=copilot)
[2026-05-03 14:25:22] [AutomationController] [INFO] AutomationController initialized: poll_interval=5.0s, daemon_mode=True, idle_timeout=300s, max_cycles=None
[2026-05-03 14:25:22] [AutomationController] [INFO] ================================================================================
[2026-05-03 14:25:22] [AutomationController] [INFO] 🚀 AutomationController starting
[2026-05-03 14:25:22] [AutomationController] [INFO] Mode: daemon
[2026-05-03 14:25:22] [AutomationController] [INFO] Poll interval: 5.0s
[2026-05-03 14:25:22] [AutomationController] [INFO] ================================================================================
[2026-05-03 14:25:22] [AutomationController] [INFO] [Cycle 1] Processed 0 tasks in 0.00s
[2026-05-03 14:25:27] [AutomationController] [INFO] [Cycle 2] Processed 0 tasks in 0.00s
[2026-05-03 14:25:32] [AutomationController] [INFO] [Cycle 3] Processed 0 tasks in 0.00s
[2026-05-03 14:25:37] [AutomationController] [INFO] [Cycle 4] Processed 0 tasks in 0.00s
[2026-05-03 14:25:42] [AutomationController] [INFO] [Cycle 5] Processed 0 tasks in 0.00s
[2026-05-03 14:25:47] [AutomationController] [INFO] [Cycle 6] Processed 0 tasks in 0.00s
[2026-05-03 14:25:52] [AutomationController] [INFO] [Cycle 7] Processed 0 tasks in 0.00s
[2026-05-03 14:25:57] [AutomationController] [INFO] [Cycle 8] Processed 0 tasks in 0.00s
[2026-05-03 14:26:02] [AutomationController] [INFO] [Cycle 9] Processed 0 tasks in 0.00s
[2026-05-03 14:26:07] [AutomationController] [INFO] [Cycle 10] Processed 0 tasks in 0.00s
[2026-05-03 14:26:12] [AutomationController] [INFO] [Cycle 11] Processed 0 tasks in 0.00s
[2026-05-03 14:26:17] [AutomationController] [INFO] [Cycle 12] Processed 0 tasks in 0.00s
[2026-05-03 14:26:22] [AutomationController] [INFO] [Cycle 13] Processed 0 tasks in 0.00s
[2026-05-03 14:26:22] [AutomationController] [INFO] Heartbeat: {"timestamp": "2026-05-03T14:26:22.498409", "cycles_completed": 13, "tasks_processed": 0, "tasks_success": 0, "tasks_escalated": 0, "errors": 0}
[2026-05-03 14:26:27] [AutomationController] [INFO] [Cycle 14] Processed 0 tasks in 0.00s
[2026-05-03 14:26:32] [AutomationController] [INFO] [Cycle 15] Processed 0 tasks in 0.00s
[2026-05-03 14:26:37] [AutomationController] [INFO] [Cycle 16] Processed 0 tasks in 0.00s
[2026-05-03 14:26:42] [AutomationController] [INFO] [Cycle 17] Processed 0 tasks in 0.00s
[2026-05-03 14:26:47] [AutomationController] [INFO] [Cycle 18] Processed 0 tasks in 0.00s
[2026-05-03 14:26:52] [AutomationController] [INFO] [Cycle 19] Processed 0 tasks in 0.00s
[2026-05-03 14:26:57] [AutomationController] [INFO] [Cycle 20] Processed 0 tasks in 0.00s
[2026-05-03 14:27:02] [AutomationController] [INFO] [Cycle 21] Processed 0 tasks in 0.00s
[2026-05-03 14:27:07] [AutomationController] [INFO] [Cycle 22] Processed 0 tasks in 0.00s
[2026-05-03 14:27:12] [AutomationController] [INFO] [Cycle 23] Processed 0 tasks in 0.00s
[2026-05-03 14:27:17] [AutomationController] [INFO] [Cycle 24] Processed 0 tasks in 0.00s
[2026-05-03 14:27:22] [AutomationController] [INFO] [Cycle 25] Processed 0 tasks in 0.00s
[2026-05-03 14:27:22] [AutomationController] [INFO] Heartbeat: {"timestamp": "2026-05-03T14:27:22.546774", "cycles_completed": 25, "tasks_processed": 0, "tasks_success": 0, "tasks_escalated": 0, "errors": 0}
[2026-05-03 14:27:27] [AutomationController] [INFO] [Cycle 26] Processed 0 tasks in 0.00s
[2026-05-03 14:27:32] [AutomationController] [INFO] [Cycle 27] Processed 0 tasks in 0.00s
[2026-05-03 14:27:37] [AutomationController] [INFO] [Cycle 28] Processed 0 tasks in 0.00s
[2026-05-03 14:27:42] [AutomationController] [INFO] [Cycle 29] Processed 0 tasks in 0.00s
[2026-05-03 14:27:47] [AutomationController] [INFO] [Cycle 30] Processed 0 tasks in 0.00s
[2026-05-03 14:27:52] [AutomationController] [INFO] [Cycle 31] Processed 0 tasks in 0.00s
[2026-05-03 14:27:57] [AutomationController] [INFO] [Cycle 32] Processed 0 tasks in 0.00s
[2026-05-03 14:28:02] [AutomationController] [INFO] [Cycle 33] Processed 0 tasks in 0.00s
[2026-05-03 14:28:07] [AutomationController] [INFO] [Cycle 34] Processed 0 tasks in 0.00s
[2026-05-03 14:28:12] [AutomationController] [INFO] [Cycle 35] Processed 0 tasks in 0.00s
[2026-05-03 14:28:17] [AutomationController] [INFO] [Cycle 36] Processed 0 tasks in 0.00s
[2026-05-03 14:28:22] [AutomationController] [INFO] [Cycle 37] Processed 0 tasks in 0.00s
[2026-05-03 14:28:22] [AutomationController] [INFO] Heartbeat: {"timestamp": "2026-05-03T14:28:22.595129", "cycles_completed": 37, "tasks_processed": 0, "tasks_success": 0, "tasks_escalated": 0, "errors": 0}
[2026-05-03 14:28:27] [AutomationController] [INFO] [Cycle 38] Processed 0 tasks in 0.00s
[2026-05-03 14:28:32] [AutomationController] [INFO] [Cycle 39] Processed 0 tasks in 0.00s
[2026-05-03 14:28:37] [AutomationController] [INFO] [Cycle 40] Processed 0 tasks in 0.00s
[2026-05-03 14:28:42] [AutomationController] [INFO] [Cycle 41] Processed 0 tasks in 0.00s
[2026-05-03 14:28:47] [AutomationController] [INFO] [Cycle 42] Processed 0 tasks in 0.00s
[2026-05-03 14:28:52] [AutomationController] [INFO] [Cycle 43] Processed 0 tasks in 0.00s
[2026-05-03 14:28:57] [AutomationController] [INFO] [Cycle 44] Processed 0 tasks in 0.00s
[2026-05-03 14:29:02] [AutomationController] [INFO] [Cycle 45] Processed 0 tasks in 0.00s
[2026-05-03 14:29:07] [AutomationController] [INFO] [Cycle 46] Processed 0 tasks in 0.00s
[2026-05-03 14:29:12] [AutomationController] [INFO] [Cycle 47] Processed 0 tasks in 0.00s
[2026-05-03 14:29:17] [AutomationController] [INFO] [Cycle 48] Processed 0 tasks in 0.00s
[2026-05-03 14:29:22] [AutomationController] [INFO] [Cycle 49] Processed 0 tasks in 0.00s
[2026-05-03 14:29:22] [AutomationController] [INFO] Heartbeat: {"timestamp": "2026-05-03T14:29:22.636805", "cycles_completed": 49, "tasks_processed": 0, "tasks_success": 0, "tasks_escalated": 0, "errors": 0}
[2026-05-03 14:29:27] [AutomationController] [INFO] [Cycle 50] Processed 0 tasks in 0.00s
[2026-05-03 14:29:32] [AutomationController] [INFO] [Cycle 51] Processed 0 tasks in 0.00s
[2026-05-03 14:29:37] [AutomationController] [INFO] [Cycle 52] Processed 0 tasks in 0.00s
[2026-05-03 14:29:42] [AutomationController] [INFO] [Cycle 53] Processed 0 tasks in 0.00s
[2026-05-03 14:29:47] [AutomationController] [INFO] [Cycle 54] Processed 0 tasks in 0.00s
[2026-05-03 14:29:52] [AutomationController] [INFO] [Cycle 55] Processed 0 tasks in 0.00s
[2026-05-03 14:29:57] [AutomationController] [INFO] [Cycle 56] Processed 0 tasks in 0.00s
[2026-05-03 14:30:02] [AutomationController] [INFO] [Cycle 57] Processed 0 tasks in 0.00s
[2026-05-03 14:30:07] [AutomationController] [INFO] [Cycle 58] Processed 0 tasks in 0.00s
[2026-05-03 14:30:12] [AutomationController] [INFO] [Cycle 59] Processed 0 tasks in 0.00s
[2026-05-03 14:30:17] [AutomationController] [INFO] [Cycle 60] Processed 0 tasks in 0.00s
[2026-05-03 14:30:22] [AutomationController] [INFO] [Cycle 61] Processed 0 tasks in 0.00s
[2026-05-03 14:30:22] [AutomationController] [INFO] Heartbeat: {"timestamp": "2026-05-03T14:30:22.673527", "cycles_completed": 61, "tasks_processed": 0, "tasks_success": 0, "tasks_escalated": 0, "errors": 0}
[2026-05-03 14:30:27] [AutomationController] [INFO] [Cycle 62] Processed 0 tasks in 0.00s
[2026-05-03 14:30:32] [AutomationController] [INFO] [Cycle 63] Processed 0 tasks in 0.00s

📋 Processing task: DELEGATE-consolidate-docs.yaml
   Task ID: consolidate-docs-5107 | Role: Engineer
   🔍 Quality: [PASS] score=100/100 routing=high findings=no issues
   ❌ Error processing task: Task 'consolidate-docs-5107' not found in 'incoming' state
   ✓ Archived for debugging

📋 Processing task: DELEGATE-final-repo-review.yaml
   Task ID: final-repo-review-5108 | Role: Principal Engineer
   🔍 Quality: [PASS] score=92/100 routing=high findings=2 warning(s)
   ❌ Error processing task: Task 'final-repo-review-5108' not found in 'incoming' state
   ✓ Archived for debugging
[2026-05-03 14:30:37] [AutomationController] [INFO] [Cycle 64] Processed 0 tasks in 0.01s
[2026-05-03 14:30:42] [AutomationController] [INFO] [Cycle 65] Processed 0 tasks in 0.00s
[2026-05-03 14:30:47] [AutomationController] [INFO] [Cycle 66] Processed 0 tasks in 0.00s
[2026-05-03 14:30:52] [AutomationController] [INFO] [Cycle 67] Processed 0 tasks in 0.00s
[2026-05-03 14:30:57] [AutomationController] [INFO] [Cycle 68] Processed 0 tasks in 0.00s
[2026-05-03 14:31:02] [AutomationController] [INFO] [Cycle 69] Processed 0 tasks in 0.00s
[2026-05-03 14:31:07] [AutomationController] [INFO] [Cycle 70] Processed 0 tasks in 0.00s
[2026-05-03 14:31:12] [AutomationController] [INFO] [Cycle 71] Processed 0 tasks in 0.00s
[2026-05-03 14:31:17] [AutomationController] [INFO] [Cycle 72] Processed 0 tasks in 0.00s
[2026-05-03 14:31:22] [AutomationController] [INFO] [Cycle 73] Processed 0 tasks in 0.00s
[2026-05-03 14:31:22] [AutomationController] [INFO] Heartbeat: {"timestamp": "2026-05-03T14:31:22.725024", "cycles_completed": 73, "tasks_processed": 0, "tasks_success": 0, "tasks_escalated": 20, "errors": 0}
[2026-05-03 14:31:27] [AutomationController] [INFO] [Cycle 74] Processed 0 tasks in 0.00s
[2026-05-03 14:31:32] [AutomationController] [INFO] [Cycle 75] Processed 0 tasks in 0.00s
[2026-05-03 14:31:37] [AutomationController] [INFO] [Cycle 76] Processed 0 tasks in 0.00s
[2026-05-03 14:31:42] [AutomationController] [INFO] [Cycle 77] Processed 0 tasks in 0.00s
[2026-05-03 14:31:47] [AutomationController] [INFO] [Cycle 78] Processed 0 tasks in 0.00s
[2026-05-03 14:31:52] [AutomationController] [INFO] [Cycle 79] Processed 0 tasks in 0.00s
[2026-05-03 14:31:57] [AutomationController] [INFO] [Cycle 80] Processed 0 tasks in 0.00s
[2026-05-03 14:32:02] [AutomationController] [INFO] [Cycle 81] Processed 0 tasks in 0.00s
[2026-05-03 14:32:07] [AutomationController] [INFO] [Cycle 82] Processed 0 tasks in 0.00s
[2026-05-03 14:32:12] [AutomationController] [INFO] [Cycle 83] Processed 0 tasks in 0.00s
[2026-05-03 14:32:17] [AutomationController] [INFO] [Cycle 84] Processed 0 tasks in 0.00s
[2026-05-03 14:32:22] [AutomationController] [INFO] [Cycle 85] Processed 0 tasks in 0.00s
[2026-05-03 14:32:22] [AutomationController] [INFO] Heartbeat: {"timestamp": "2026-05-03T14:32:22.755756", "cycles_completed": 85, "tasks_processed": 0, "tasks_success": 0, "tasks_escalated": 44, "errors": 0}
[2026-05-03 14:32:27] [AutomationController] [INFO] [Cycle 86] Processed 0 tasks in 0.00s
[2026-05-03 14:32:32] [AutomationController] [INFO] [Cycle 87] Processed 0 tasks in 0.00s
[2026-05-03 14:32:37] [AutomationController] [INFO] [Cycle 88] Processed 0 tasks in 0.00s
[2026-05-03 14:32:42] [AutomationController] [INFO] [Cycle 89] Processed 0 tasks in 0.00s
[2026-05-03 14:32:47] [AutomationController] [INFO] [Cycle 90] Processed 0 tasks in 0.00s
[2026-05-03 14:32:52] [AutomationController] [INFO] [Cycle 91] Processed 0 tasks in 0.00s
[2026-05-03 14:32:57] [AutomationController] [INFO] [Cycle 92] Processed 0 tasks in 0.00s
[2026-05-03 14:33:02] [AutomationController] [INFO] [Cycle 93] Processed 0 tasks in 0.00s
[2026-05-03 14:33:07] [AutomationController] [INFO] [Cycle 94] Processed 0 tasks in 0.00s
[2026-05-03 14:33:12] [AutomationController] [INFO] [Cycle 95] Processed 0 tasks in 0.00s
[2026-05-03 14:33:17] [AutomationController] [INFO] [Cycle 96] Processed 0 tasks in 0.00s
[2026-05-03 14:33:22] [AutomationController] [INFO] [Cycle 97] Processed 0 tasks in 0.00s
[2026-05-03 14:33:22] [AutomationController] [INFO] Heartbeat: {"timestamp": "2026-05-03T14:33:22.800612", "cycles_completed": 97, "tasks_processed": 0, "tasks_success": 0, "tasks_escalated": 68, "errors": 0}
[2026-05-03 14:33:27] [AutomationController] [INFO] [Cycle 98] Processed 0 tasks in 0.00s
[2026-05-03 14:33:32] [AutomationController] [INFO] [Cycle 99] Processed 0 tasks in 0.00s
[2026-05-03 14:33:37] [AutomationController] [INFO] [Cycle 100] Processed 0 tasks in 0.00s
[2026-05-03 14:33:42] [AutomationController] [INFO] [Cycle 101] Processed 0 tasks in 0.00s
[2026-05-03 14:33:47] [AutomationController] [INFO] [Cycle 102] Processed 0 tasks in 0.00s
[2026-05-03 14:33:52] [AutomationController] [INFO] [Cycle 103] Processed 0 tasks in 0.00s
[2026-05-03 14:33:57] [AutomationController] [INFO] [Cycle 104] Processed 0 tasks in 0.00s
[2026-05-03 14:34:02] [AutomationController] [INFO] [Cycle 105] Processed 0 tasks in 0.00s
[2026-05-03 14:34:07] [AutomationController] [INFO] [Cycle 106] Processed 0 tasks in 0.00s
[2026-05-03 14:34:12] [AutomationController] [INFO] [Cycle 107] Processed 0 tasks in 0.00s
[2026-05-03 14:34:17] [AutomationController] [INFO] [Cycle 108] Processed 0 tasks in 0.00s
[2026-05-03 14:34:22] [AutomationController] [INFO] [Cycle 109] Processed 0 tasks in 0.00s
[2026-05-03 14:34:22] [AutomationController] [INFO] Heartbeat: {"timestamp": "2026-05-03T14:34:22.847530", "cycles_completed": 109, "tasks_processed": 0, "tasks_success": 0, "tasks_escalated": 92, "errors": 0}
[2026-05-03 14:34:27] [AutomationController] [INFO] [Cycle 110] Processed 0 tasks in 0.00s
[2026-05-03 14:34:32] [AutomationController] [INFO] [Cycle 111] Processed 0 tasks in 0.00s
[2026-05-03 14:34:37] [AutomationController] [INFO] [Cycle 112] Processed 0 tasks in 0.00s
[2026-05-03 14:34:42] [AutomationController] [INFO] [Cycle 113] Processed 0 tasks in 0.00s
[2026-05-03 14:34:47] [AutomationController] [INFO] [Cycle 114] Processed 0 tasks in 0.00s
[2026-05-03 14:34:52] [AutomationController] [INFO] [Cycle 115] Processed 0 tasks in 0.00s
[2026-05-03 14:34:57] [AutomationController] [INFO] [Cycle 116] Processed 0 tasks in 0.00s
[2026-05-03 14:35:02] [AutomationController] [INFO] [Cycle 117] Processed 0 tasks in 0.00s
[2026-05-03 14:35:07] [AutomationController] [INFO] [Cycle 118] Processed 0 tasks in 0.00s
[2026-05-03 14:35:12] [AutomationController] [INFO] [Cycle 119] Processed 0 tasks in 0.00s
[2026-05-03 14:35:17] [AutomationController] [INFO] [Cycle 120] Processed 0 tasks in 0.00s
[2026-05-03 14:35:22] [AutomationController] [INFO] [Cycle 121] Processed 0 tasks in 0.00s
[2026-05-03 14:35:22] [AutomationController] [INFO] Heartbeat: {"timestamp": "2026-05-03T14:35:22.894838", "cycles_completed": 121, "tasks_processed": 0, "tasks_success": 0, "tasks_escalated": 116, "errors": 0}
[2026-05-03 14:35:27] [AutomationController] [INFO] [Cycle 122] Processed 0 tasks in 0.00s
[2026-05-03 14:35:32] [AutomationController] [INFO] [Cycle 123] Processed 0 tasks in 0.00s
[2026-05-03 14:35:37] [AutomationController] [INFO] [Cycle 124] Processed 0 tasks in 0.00s
[2026-05-03 14:35:42] [AutomationController] [INFO] [Cycle 125] Processed 0 tasks in 0.00s
[2026-05-03 14:35:47] [AutomationController] [INFO] [Cycle 126] Processed 0 tasks in 0.00s
[2026-05-03 14:35:52] [AutomationController] [INFO] [Cycle 127] Processed 0 tasks in 0.00s
[2026-05-03 14:35:57] [AutomationController] [INFO] [Cycle 128] Processed 0 tasks in 0.00s
[2026-05-03 14:36:02] [AutomationController] [INFO] [Cycle 129] Processed 0 tasks in 0.00s
[2026-05-03 14:36:07] [AutomationController] [INFO] [Cycle 130] Processed 0 tasks in 0.00s
[2026-05-03 14:36:12] [AutomationController] [INFO] [Cycle 131] Processed 0 tasks in 0.00s
[2026-05-03 14:36:17] [AutomationController] [INFO] [Cycle 132] Processed 0 tasks in 0.00s
[2026-05-03 14:36:22] [AutomationController] [INFO] [Cycle 133] Processed 0 tasks in 0.00s
[2026-05-03 14:36:22] [AutomationController] [INFO] Heartbeat: {"timestamp": "2026-05-03T14:36:22.943612", "cycles_completed": 133, "tasks_processed": 0, "tasks_success": 0, "tasks_escalated": 140, "errors": 0}
[2026-05-03 14:36:27] [AutomationController] [INFO] [Cycle 134] Processed 0 tasks in 0.00s
[2026-05-03 14:36:32] [AutomationController] [INFO] [Cycle 135] Processed 0 tasks in 0.00s
[2026-05-03 14:36:37] [AutomationController] [INFO] [Cycle 136] Processed 0 tasks in 0.00s
[2026-05-03 14:36:42] [AutomationController] [INFO] [Cycle 137] Processed 0 tasks in 0.00s
[2026-05-03 14:36:47] [AutomationController] [INFO] [Cycle 138] Processed 0 tasks in 0.00s
[2026-05-03 14:36:52] [AutomationController] [INFO] [Cycle 139] Processed 0 tasks in 0.00s
[2026-05-03 14:36:57] [AutomationController] [INFO] [Cycle 140] Processed 0 tasks in 0.00s
[2026-05-03 14:37:02] [AutomationController] [INFO] [Cycle 141] Processed 0 tasks in 0.00s
[2026-05-03 14:37:07] [AutomationController] [INFO] [Cycle 142] Processed 0 tasks in 0.00s
[2026-05-03 14:37:12] [AutomationController] [INFO] [Cycle 143] Processed 0 tasks in 0.00s
[2026-05-03 14:37:17] [AutomationController] [INFO] [Cycle 144] Processed 0 tasks in 0.00s
[2026-05-03 14:37:22] [AutomationController] [INFO] [Cycle 145] Processed 0 tasks in 0.00s
[2026-05-03 14:37:22] [AutomationController] [INFO] Heartbeat: {"timestamp": "2026-05-03T14:37:22.983312", "cycles_completed": 145, "tasks_processed": 0, "tasks_success": 0, "tasks_escalated": 164, "errors": 0}
[2026-05-03 14:37:27] [AutomationController] [INFO] [Cycle 146] Processed 0 tasks in 0.00s
[2026-05-03 14:37:32] [AutomationController] [INFO] [Cycle 147] Processed 0 tasks in 0.00s
[2026-05-03 14:37:37] [AutomationController] [INFO] [Cycle 148] Processed 0 tasks in 0.00s
[2026-05-03 14:37:42] [AutomationController] [INFO] [Cycle 149] Processed 0 tasks in 0.00s
[2026-05-03 14:37:48] [AutomationController] [INFO] [Cycle 150] Processed 0 tasks in 0.00s
[2026-05-03 14:37:53] [AutomationController] [INFO] [Cycle 151] Processed 0 tasks in 0.00s
[2026-05-03 14:37:58] [AutomationController] [INFO] [Cycle 152] Processed 0 tasks in 0.00s
[2026-05-03 14:38:03] [AutomationController] [INFO] [Cycle 153] Processed 0 tasks in 0.00s
[2026-05-03 14:38:08] [AutomationController] [INFO] [Cycle 154] Processed 0 tasks in 0.00s
[2026-05-03 14:38:13] [AutomationController] [INFO] [Cycle 155] Processed 0 tasks in 0.00s
[2026-05-03 14:38:18] [AutomationController] [INFO] [Cycle 156] Processed 0 tasks in 0.00s
[2026-05-03 14:38:23] [AutomationController] [INFO] [Cycle 157] Processed 0 tasks in 0.00s
[2026-05-03 14:38:23] [AutomationController] [INFO] Heartbeat: {"timestamp": "2026-05-03T14:38:23.028276", "cycles_completed": 157, "tasks_processed": 0, "tasks_success": 0, "tasks_escalated": 188, "errors": 0}
[2026-05-03 14:38:28] [AutomationController] [INFO] [Cycle 158] Processed 0 tasks in 0.00s
[2026-05-03 14:38:33] [AutomationController] [INFO] [Cycle 159] Processed 0 tasks in 0.00s
[2026-05-03 14:38:38] [AutomationController] [INFO] [Cycle 160] Processed 0 tasks in 0.00s
[2026-05-03 14:38:43] [AutomationController] [INFO] [Cycle 161] Processed 0 tasks in 0.00s
[2026-05-03 14:38:48] [AutomationController] [INFO] [Cycle 162] Processed 0 tasks in 0.00s
[2026-05-03 14:38:53] [AutomationController] [INFO] [Cycle 163] Processed 0 tasks in 0.00s
[2026-05-03 14:38:58] [AutomationController] [INFO] [Cycle 164] Processed 0 tasks in 0.00s
[2026-05-03 14:39:03] [AutomationController] [INFO] [Cycle 165] Processed 0 tasks in 0.00s
[2026-05-03 14:39:08] [AutomationController] [INFO] [Cycle 166] Processed 0 tasks in 0.00s
[2026-05-03 14:39:13] [AutomationController] [INFO] [Cycle 167] Processed 0 tasks in 0.00s
[2026-05-03 14:39:18] [AutomationController] [INFO] [Cycle 168] Processed 0 tasks in 0.00s
[2026-05-03 14:39:23] [AutomationController] [INFO] [Cycle 169] Processed 0 tasks in 0.00s
[2026-05-03 14:39:23] [AutomationController] [INFO] Heartbeat: {"timestamp": "2026-05-03T14:39:23.078647", "cycles_completed": 169, "tasks_processed": 0, "tasks_success": 0, "tasks_escalated": 212, "errors": 0}
[2026-05-03 14:39:28] [AutomationController] [INFO] [Cycle 170] Processed 0 tasks in 0.00s
[2026-05-03 14:39:33] [AutomationController] [INFO] [Cycle 171] Processed 0 tasks in 0.00s
[2026-05-03 14:39:38] [AutomationController] [INFO] [Cycle 172] Processed 0 tasks in 0.00s
[2026-05-03 14:39:43] [AutomationController] [INFO] [Cycle 173] Processed 0 tasks in 0.00s
[2026-05-03 14:39:48] [AutomationController] [INFO] [Cycle 174] Processed 0 tasks in 0.00s
[2026-05-03 14:39:53] [AutomationController] [INFO] [Cycle 175] Processed 0 tasks in 0.00s
[2026-05-03 14:39:58] [AutomationController] [INFO] [Cycle 176] Processed 0 tasks in 0.00s
[2026-05-03 14:40:03] [AutomationController] [INFO] [Cycle 177] Processed 0 tasks in 0.00s
[2026-05-03 14:40:08] [AutomationController] [INFO] [Cycle 178] Processed 0 tasks in 0.00s
[2026-05-03 14:40:13] [AutomationController] [INFO] [Cycle 179] Processed 0 tasks in 0.00s
[2026-05-03 14:40:18] [AutomationController] [INFO] [Cycle 180] Processed 0 tasks in 0.00s
[2026-05-03 14:40:23] [AutomationController] [INFO] [Cycle 181] Processed 0 tasks in 0.00s
[2026-05-03 14:40:23] [AutomationController] [INFO] Heartbeat: {"timestamp": "2026-05-03T14:40:23.112924", "cycles_completed": 181, "tasks_processed": 0, "tasks_success": 0, "tasks_escalated": 236, "errors": 0}
[2026-05-03 14:40:28] [AutomationController] [INFO] [Cycle 182] Processed 0 tasks in 0.00s
[2026-05-03 14:40:33] [AutomationController] [INFO] [Cycle 183] Processed 0 tasks in 0.00s
[2026-05-03 14:40:38] [AutomationController] [INFO] [Cycle 184] Processed 0 tasks in 0.00s
[2026-05-03 14:40:43] [AutomationController] [INFO] [Cycle 185] Processed 0 tasks in 0.00s
[2026-05-03 14:40:48] [AutomationController] [INFO] [Cycle 186] Processed 0 tasks in 0.00s
[2026-05-03 14:40:53] [AutomationController] [INFO] [Cycle 187] Processed 0 tasks in 0.00s
[2026-05-03 14:40:58] [AutomationController] [INFO] [Cycle 188] Processed 0 tasks in 0.00s
[2026-05-03 14:41:03] [AutomationController] [INFO] [Cycle 189] Processed 0 tasks in 0.00s
[2026-05-03 14:41:08] [AutomationController] [INFO] [Cycle 190] Processed 0 tasks in 0.00s
[2026-05-03 14:41:13] [AutomationController] [INFO] [Cycle 191] Processed 0 tasks in 0.00s
[2026-05-03 14:41:18] [AutomationController] [INFO] [Cycle 192] Processed 0 tasks in 0.00s
[2026-05-03 14:41:23] [AutomationController] [INFO] [Cycle 193] Processed 0 tasks in 0.00s
[2026-05-03 14:41:23] [AutomationController] [INFO] Heartbeat: {"timestamp": "2026-05-03T14:41:23.155695", "cycles_completed": 193, "tasks_processed": 0, "tasks_success": 0, "tasks_escalated": 260, "errors": 0}
[2026-05-03 14:41:28] [AutomationController] [INFO] [Cycle 194] Processed 0 tasks in 0.00s
[2026-05-03 14:41:33] [AutomationController] [INFO] [Cycle 195] Processed 0 tasks in 0.00s
[2026-05-03 14:41:38] [AutomationController] [INFO] [Cycle 196] Processed 0 tasks in 0.00s
[2026-05-03 14:41:43] [AutomationController] [INFO] [Cycle 197] Processed 0 tasks in 0.00s
[2026-05-03 14:41:48] [AutomationController] [INFO] [Cycle 198] Processed 0 tasks in 0.00s
[2026-05-03 14:41:53] [AutomationController] [INFO] [Cycle 199] Processed 0 tasks in 0.00s
[2026-05-03 14:41:58] [AutomationController] [INFO] [Cycle 200] Processed 0 tasks in 0.00s
[2026-05-03 14:42:03] [AutomationController] [INFO] [Cycle 201] Processed 0 tasks in 0.00s
[2026-05-03 14:42:08] [AutomationController] [INFO] [Cycle 202] Processed 0 tasks in 0.00s
[2026-05-03 14:42:13] [AutomationController] [INFO] [Cycle 203] Processed 0 tasks in 0.00s
[2026-05-03 14:42:18] [AutomationController] [INFO] [Cycle 204] Processed 0 tasks in 0.00s
[2026-05-03 14:42:23] [AutomationController] [INFO] [Cycle 205] Processed 0 tasks in 0.00s
[2026-05-03 14:42:23] [AutomationController] [INFO] Heartbeat: {"timestamp": "2026-05-03T14:42:23.271838", "cycles_completed": 205, "tasks_processed": 0, "tasks_success": 0, "tasks_escalated": 284, "errors": 0}
[2026-05-03 14:42:28] [AutomationController] [INFO] [Cycle 206] Processed 0 tasks in 0.00s
[2026-05-03 14:42:33] [AutomationController] [INFO] [Cycle 207] Processed 0 tasks in 0.00s
[2026-05-03 14:42:38] [AutomationController] [INFO] [Cycle 208] Processed 0 tasks in 0.00s
[2026-05-03 14:42:43] [AutomationController] [INFO] [Cycle 209] Processed 0 tasks in 0.00s
[2026-05-03 14:42:48] [AutomationController] [INFO] [Cycle 210] Processed 0 tasks in 0.00s
[2026-05-03 14:42:53] [AutomationController] [INFO] [Cycle 211] Processed 0 tasks in 0.00s
[2026-05-03 14:42:58] [AutomationController] [INFO] [Cycle 212] Processed 0 tasks in 0.00s
[2026-05-03 14:43:03] [AutomationController] [INFO] [Cycle 213] Processed 0 tasks in 0.00s
[2026-05-03 14:43:08] [AutomationController] [INFO] [Cycle 214] Processed 0 tasks in 0.00s
[2026-05-03 14:43:13] [AutomationController] [INFO] [Cycle 215] Processed 0 tasks in 0.00s
[2026-05-03 14:43:18] [AutomationController] [INFO] [Cycle 216] Processed 0 tasks in 0.00s
[2026-05-03 14:43:23] [AutomationController] [INFO] [Cycle 217] Processed 0 tasks in 0.00s
[2026-05-03 14:43:23] [AutomationController] [INFO] Heartbeat: {"timestamp": "2026-05-03T14:43:23.324674", "cycles_completed": 217, "tasks_processed": 0, "tasks_success": 0, "tasks_escalated": 308, "errors": 0}
[2026-05-03 14:43:28] [AutomationController] [INFO] [Cycle 218] Processed 0 tasks in 0.00s
[2026-05-03 14:43:33] [AutomationController] [INFO] [Cycle 219] Processed 0 tasks in 0.00s
[2026-05-03 14:43:38] [AutomationController] [INFO] [Cycle 220] Processed 0 tasks in 0.00s
[2026-05-03 14:43:43] [AutomationController] [INFO] [Cycle 221] Processed 0 tasks in 0.00s
[2026-05-03 14:43:48] [AutomationController] [INFO] [Cycle 222] Processed 0 tasks in 0.00s
[2026-05-03 14:43:53] [AutomationController] [INFO] [Cycle 223] Processed 0 tasks in 0.00s
[2026-05-03 14:43:58] [AutomationController] [INFO] [Cycle 224] Processed 0 tasks in 0.00s
[2026-05-03 14:44:03] [AutomationController] [INFO] [Cycle 225] Processed 0 tasks in 0.00s
[2026-05-03 14:44:08] [AutomationController] [INFO] [Cycle 226] Processed 0 tasks in 0.00s
[2026-05-03 14:44:13] [AutomationController] [INFO] [Cycle 227] Processed 0 tasks in 0.00s
[2026-05-03 14:44:18] [AutomationController] [INFO] [Cycle 228] Processed 0 tasks in 0.00s
[2026-05-03 14:44:23] [AutomationController] [INFO] [Cycle 229] Processed 0 tasks in 0.00s
[2026-05-03 14:44:23] [AutomationController] [INFO] Heartbeat: {"timestamp": "2026-05-03T14:44:23.383810", "cycles_completed": 229, "tasks_processed": 0, "tasks_success": 0, "tasks_escalated": 332, "errors": 0}
[2026-05-03 14:44:28] [AutomationController] [INFO] [Cycle 230] Processed 0 tasks in 0.00s
[2026-05-03 14:44:33] [AutomationController] [INFO] [Cycle 231] Processed 0 tasks in 0.00s
[2026-05-03 14:44:38] [AutomationController] [INFO] [Cycle 232] Processed 0 tasks in 0.00s
[2026-05-03 14:44:43] [AutomationController] [INFO] [Cycle 233] Processed 0 tasks in 0.00s
[2026-05-03 14:44:48] [AutomationController] [INFO] [Cycle 234] Processed 0 tasks in 0.00s
[2026-05-03 14:44:53] [AutomationController] [INFO] [Cycle 235] Processed 0 tasks in 0.00s
[2026-05-03 14:44:58] [AutomationController] [INFO] [Cycle 236] Processed 0 tasks in 0.00s
[2026-05-03 14:45:03] [AutomationController] [INFO] [Cycle 237] Processed 0 tasks in 0.00s
[2026-05-03 14:45:08] [AutomationController] [INFO] [Cycle 238] Processed 0 tasks in 0.00s
[2026-05-03 14:45:13] [AutomationController] [INFO] [Cycle 239] Processed 0 tasks in 0.00s
[2026-05-03 14:45:18] [AutomationController] [INFO] [Cycle 240] Processed 0 tasks in 0.00s
[2026-05-03 14:45:23] [AutomationController] [INFO] [Cycle 241] Processed 0 tasks in 0.00s
[2026-05-03 14:45:23] [AutomationController] [INFO] Heartbeat: {"timestamp": "2026-05-03T14:45:23.431588", "cycles_completed": 241, "tasks_processed": 0, "tasks_success": 0, "tasks_escalated": 356, "errors": 0}
[2026-05-03 14:45:28] [AutomationController] [INFO] [Cycle 242] Processed 0 tasks in 0.00s
[2026-05-03 14:45:33] [AutomationController] [INFO] [Cycle 243] Processed 0 tasks in 0.00s
[2026-05-03 14:45:38] [AutomationController] [INFO] [Cycle 244] Processed 0 tasks in 0.00s
[2026-05-03 14:45:43] [AutomationController] [INFO] [Cycle 245] Processed 0 tasks in 0.00s
[2026-05-03 14:45:48] [AutomationController] [INFO] [Cycle 246] Processed 0 tasks in 0.00s
[2026-05-03 14:45:53] [AutomationController] [INFO] [Cycle 247] Processed 0 tasks in 0.00s
[2026-05-03 14:45:58] [AutomationController] [INFO] [Cycle 248] Processed 0 tasks in 0.00s
[2026-05-03 14:46:03] [AutomationController] [INFO] [Cycle 249] Processed 0 tasks in 0.00s
[2026-05-03 14:46:08] [AutomationController] [INFO] [Cycle 250] Processed 0 tasks in 0.00s
[2026-05-03 14:46:13] [AutomationController] [INFO] [Cycle 251] Processed 0 tasks in 0.00s
[2026-05-03 14:46:18] [AutomationController] [INFO] [Cycle 252] Processed 0 tasks in 0.00s
[2026-05-03 14:46:23] [AutomationController] [INFO] [Cycle 253] Processed 0 tasks in 0.00s
[2026-05-03 14:46:23] [AutomationController] [INFO] Heartbeat: {"timestamp": "2026-05-03T14:46:23.475159", "cycles_completed": 253, "tasks_processed": 0, "tasks_success": 0, "tasks_escalated": 380, "errors": 0}
[2026-05-03 14:46:28] [AutomationController] [INFO] [Cycle 254] Processed 0 tasks in 0.00s
[2026-05-03 14:46:33] [AutomationController] [INFO] [Cycle 255] Processed 0 tasks in 0.00s
[2026-05-03 14:46:38] [AutomationController] [INFO] [Cycle 256] Processed 0 tasks in 0.00s
[2026-05-03 14:46:43] [AutomationController] [INFO] [Cycle 257] Processed 0 tasks in 0.00s
[2026-05-03 14:46:48] [AutomationController] [INFO] [Cycle 258] Processed 0 tasks in 0.00s
[2026-05-03 14:46:53] [AutomationController] [INFO] [Cycle 259] Processed 0 tasks in 0.00s
[2026-05-03 14:46:58] [AutomationController] [INFO] [Cycle 260] Processed 0 tasks in 0.00s
[2026-05-03 14:47:03] [AutomationController] [INFO] [Cycle 261] Processed 0 tasks in 0.00s
[2026-05-03 14:47:08] [AutomationController] [INFO] [Cycle 262] Processed 0 tasks in 0.00s
[2026-05-03 14:47:13] [AutomationController] [INFO] [Cycle 263] Processed 0 tasks in 0.00s
[2026-05-03 14:47:18] [AutomationController] [INFO] [Cycle 264] Processed 0 tasks in 0.00s
[2026-05-03 14:47:23] [AutomationController] [INFO] [Cycle 265] Processed 0 tasks in 0.00s
[2026-05-03 14:47:23] [AutomationController] [INFO] Heartbeat: {"timestamp": "2026-05-03T14:47:23.520870", "cycles_completed": 265, "tasks_processed": 0, "tasks_success": 0, "tasks_escalated": 404, "errors": 0}
[2026-05-03 14:47:28] [AutomationController] [INFO] [Cycle 266] Processed 0 tasks in 0.00s
[2026-05-03 14:47:33] [AutomationController] [INFO] [Cycle 267] Processed 0 tasks in 0.00s
[2026-05-03 14:47:38] [AutomationController] [INFO] [Cycle 268] Processed 0 tasks in 0.00s
[2026-05-03 14:47:43] [AutomationController] [INFO] [Cycle 269] Processed 0 tasks in 0.00s
[2026-05-03 14:47:48] [AutomationController] [INFO] [Cycle 270] Processed 0 tasks in 0.00s
[2026-05-03 14:47:53] [AutomationController] [INFO] [Cycle 271] Processed 0 tasks in 0.00s
[2026-05-03 14:47:58] [AutomationController] [INFO] [Cycle 272] Processed 0 tasks in 0.00s
[2026-05-03 14:48:03] [AutomationController] [INFO] [Cycle 273] Processed 0 tasks in 0.00s
[2026-05-03 14:48:08] [AutomationController] [INFO] [Cycle 274] Processed 0 tasks in 0.00s
[2026-05-03 14:48:13] [AutomationController] [INFO] [Cycle 275] Processed 0 tasks in 0.00s
[2026-05-03 14:48:18] [AutomationController] [INFO] [Cycle 276] Processed 0 tasks in 0.00s
[2026-05-03 14:48:23] [AutomationController] [INFO] [Cycle 277] Processed 0 tasks in 0.00s
[2026-05-03 14:48:23] [AutomationController] [INFO] Heartbeat: {"timestamp": "2026-05-03T14:48:23.570696", "cycles_completed": 277, "tasks_processed": 0, "tasks_success": 0, "tasks_escalated": 428, "errors": 0}
[2026-05-03 14:48:28] [AutomationController] [INFO] [Cycle 278] Processed 0 tasks in 0.00s
[2026-05-03 14:48:33] [AutomationController] [INFO] [Cycle 279] Processed 0 tasks in 0.00s
[2026-05-03 14:48:38] [AutomationController] [INFO] [Cycle 280] Processed 0 tasks in 0.00s
[2026-05-03 14:48:43] [AutomationController] [INFO] [Cycle 281] Processed 0 tasks in 0.00s
[2026-05-03 14:48:48] [AutomationController] [INFO] [Cycle 282] Processed 0 tasks in 0.00s
[2026-05-03 14:48:53] [AutomationController] [INFO] [Cycle 283] Processed 0 tasks in 0.00s
[2026-05-03 14:48:58] [AutomationController] [INFO] [Cycle 284] Processed 0 tasks in 0.00s
[2026-05-03 14:49:03] [AutomationController] [INFO] [Cycle 285] Processed 0 tasks in 0.00s
[2026-05-03 14:49:08] [AutomationController] [INFO] [Cycle 286] Processed 0 tasks in 0.00s
[2026-05-03 14:49:13] [AutomationController] [INFO] [Cycle 287] Processed 0 tasks in 0.00s
[2026-05-03 14:49:18] [AutomationController] [INFO] [Cycle 288] Processed 0 tasks in 0.00s
[2026-05-03 14:49:23] [AutomationController] [INFO] [Cycle 289] Processed 0 tasks in 0.00s
[2026-05-03 14:49:23] [AutomationController] [INFO] Heartbeat: {"timestamp": "2026-05-03T14:49:23.617279", "cycles_completed": 289, "tasks_processed": 0, "tasks_success": 0, "tasks_escalated": 452, "errors": 0}
[2026-05-03 14:49:28] [AutomationController] [INFO] [Cycle 290] Processed 0 tasks in 0.00s
[2026-05-03 14:49:33] [AutomationController] [INFO] [Cycle 291] Processed 0 tasks in 0.00s
[2026-05-03 14:49:38] [AutomationController] [INFO] [Cycle 292] Processed 0 tasks in 0.00s
[2026-05-03 14:49:43] [AutomationController] [INFO] [Cycle 293] Processed 0 tasks in 0.00s
[2026-05-03 14:49:48] [AutomationController] [INFO] [Cycle 294] Processed 0 tasks in 0.00s
[2026-05-03 14:49:53] [AutomationController] [INFO] [Cycle 295] Processed 0 tasks in 0.00s
[2026-05-03 14:49:58] [AutomationController] [INFO] [Cycle 296] Processed 0 tasks in 0.00s
[2026-05-03 14:50:03] [AutomationController] [INFO] [Cycle 297] Processed 0 tasks in 0.00s
[2026-05-03 14:50:08] [AutomationController] [INFO] [Cycle 298] Processed 0 tasks in 0.00s
[2026-05-03 14:50:13] [AutomationController] [INFO] [Cycle 299] Processed 0 tasks in 0.00s
[2026-05-03 14:50:18] [AutomationController] [INFO] [Cycle 300] Processed 0 tasks in 0.00s
[2026-05-03 14:50:23] [AutomationController] [INFO] [Cycle 301] Processed 0 tasks in 0.00s
[2026-05-03 14:50:23] [AutomationController] [INFO] Heartbeat: {"timestamp": "2026-05-03T14:50:23.663520", "cycles_completed": 301, "tasks_processed": 0, "tasks_success": 0, "tasks_escalated": 476, "errors": 0}
[2026-05-03 14:50:28] [AutomationController] [INFO] [Cycle 302] Processed 0 tasks in 0.00s
[2026-05-03 14:50:33] [AutomationController] [INFO] [Cycle 303] Processed 0 tasks in 0.00s
[2026-05-03 14:50:38] [AutomationController] [INFO] [Cycle 304] Processed 0 tasks in 0.00s
[2026-05-03 14:50:43] [AutomationController] [INFO] [Cycle 305] Processed 0 tasks in 0.00s
[2026-05-03 14:50:48] [AutomationController] [INFO] [Cycle 306] Processed 0 tasks in 0.00s
[2026-05-03 14:50:53] [AutomationController] [INFO] [Cycle 307] Processed 0 tasks in 0.00s
[2026-05-03 14:50:58] [AutomationController] [INFO] [Cycle 308] Processed 0 tasks in 0.00s
[2026-05-03 14:51:03] [AutomationController] [INFO] [Cycle 309] Processed 0 tasks in 0.00s
[2026-05-03 14:51:08] [AutomationController] [INFO] [Cycle 310] Processed 0 tasks in 0.00s
[2026-05-03 14:51:13] [AutomationController] [INFO] [Cycle 311] Processed 0 tasks in 0.00s
[2026-05-03 14:51:18] [AutomationController] [INFO] [Cycle 312] Processed 0 tasks in 0.00s
[2026-05-03 14:51:23] [AutomationController] [INFO] [Cycle 313] Processed 0 tasks in 0.00s
[2026-05-03 14:51:23] [AutomationController] [INFO] Heartbeat: {"timestamp": "2026-05-03T14:51:23.702891", "cycles_completed": 313, "tasks_processed": 0, "tasks_success": 0, "tasks_escalated": 500, "errors": 0}
[2026-05-03 14:51:28] [AutomationController] [INFO] [Cycle 314] Processed 0 tasks in 0.00s
[2026-05-03 14:51:33] [AutomationController] [INFO] [Cycle 315] Processed 0 tasks in 0.00s
[2026-05-03 14:51:38] [AutomationController] [INFO] [Cycle 316] Processed 0 tasks in 0.00s
[2026-05-03 14:51:43] [AutomationController] [INFO] [Cycle 317] Processed 0 tasks in 0.00s
[2026-05-03 14:51:48] [AutomationController] [INFO] [Cycle 318] Processed 0 tasks in 0.00s
[2026-05-03 14:51:53] [AutomationController] [INFO] [Cycle 319] Processed 0 tasks in 0.00s
[2026-05-03 14:51:58] [AutomationController] [INFO] [Cycle 320] Processed 0 tasks in 0.00s
[2026-05-03 14:52:03] [AutomationController] [INFO] [Cycle 321] Processed 0 tasks in 0.00s
[2026-05-03 14:52:08] [AutomationController] [INFO] [Cycle 322] Processed 0 tasks in 0.00s
[2026-05-03 14:52:13] [AutomationController] [INFO] [Cycle 323] Processed 0 tasks in 0.00s
[2026-05-03 14:52:18] [AutomationController] [INFO] [Cycle 324] Processed 0 tasks in 0.00s
[2026-05-03 14:52:23] [AutomationController] [INFO] [Cycle 325] Processed 0 tasks in 0.00s
[2026-05-03 14:52:23] [AutomationController] [INFO] Heartbeat: {"timestamp": "2026-05-03T14:52:23.751293", "cycles_completed": 325, "tasks_processed": 0, "tasks_success": 0, "tasks_escalated": 524, "errors": 0}
[2026-05-03 14:52:28] [AutomationController] [INFO] [Cycle 326] Processed 0 tasks in 0.00s
[2026-05-03 14:52:33] [AutomationController] [INFO] [Cycle 327] Processed 0 tasks in 0.00s
[2026-05-03 14:52:38] [AutomationController] [INFO] [Cycle 328] Processed 0 tasks in 0.00s
[2026-05-03 14:52:43] [AutomationController] [INFO] [Cycle 329] Processed 0 tasks in 0.00s
[2026-05-03 14:52:48] [AutomationController] [INFO] [Cycle 330] Processed 0 tasks in 0.00s
[2026-05-03 14:52:53] [AutomationController] [INFO] [Cycle 331] Processed 0 tasks in 0.00s
[2026-05-03 14:52:58] [AutomationController] [INFO] [Cycle 332] Processed 0 tasks in 0.00s
[2026-05-03 14:53:03] [AutomationController] [INFO] [Cycle 333] Processed 0 tasks in 0.00s
[2026-05-03 14:53:08] [AutomationController] [INFO] [Cycle 334] Processed 0 tasks in 0.00s
[2026-05-03 14:53:13] [AutomationController] [INFO] [Cycle 335] Processed 0 tasks in 0.00s
[2026-05-03 14:53:18] [AutomationController] [INFO] [Cycle 336] Processed 0 tasks in 0.00s
[2026-05-03 14:53:23] [AutomationController] [INFO] [Cycle 337] Processed 0 tasks in 0.00s
[2026-05-03 14:53:23] [AutomationController] [INFO] Heartbeat: {"timestamp": "2026-05-03T14:53:23.801112", "cycles_completed": 337, "tasks_processed": 0, "tasks_success": 0, "tasks_escalated": 548, "errors": 0}
[2026-05-03 14:53:28] [AutomationController] [INFO] [Cycle 338] Processed 0 tasks in 0.00s
[2026-05-03 14:53:33] [AutomationController] [INFO] [Cycle 339] Processed 0 tasks in 0.00s
[2026-05-03 14:53:38] [AutomationController] [INFO] [Cycle 340] Processed 0 tasks in 0.00s
[2026-05-03 14:53:43] [AutomationController] [INFO] [Cycle 341] Processed 0 tasks in 0.00s
[2026-05-03 14:53:48] [AutomationController] [INFO] [Cycle 342] Processed 0 tasks in 0.00s
[2026-05-03 14:53:53] [AutomationController] [INFO] [Cycle 343] Processed 0 tasks in 0.00s
[2026-05-03 14:53:58] [AutomationController] [INFO] [Cycle 344] Processed 0 tasks in 0.00s
[2026-05-03 14:54:03] [AutomationController] [INFO] [Cycle 345] Processed 0 tasks in 0.00s
[2026-05-03 14:54:08] [AutomationController] [INFO] [Cycle 346] Processed 0 tasks in 0.00s
[2026-05-03 14:54:13] [AutomationController] [INFO] [Cycle 347] Processed 0 tasks in 0.00s
[2026-05-03 14:54:18] [AutomationController] [INFO] [Cycle 348] Processed 0 tasks in 0.00s
[2026-05-03 14:54:23] [AutomationController] [INFO] [Cycle 349] Processed 0 tasks in 0.00s
[2026-05-03 14:54:23] [AutomationController] [INFO] Heartbeat: {"timestamp": "2026-05-03T14:54:23.853264", "cycles_completed": 349, "tasks_processed": 0, "tasks_success": 0, "tasks_escalated": 572, "errors": 0}
[2026-05-03 14:54:28] [AutomationController] [INFO] [Cycle 350] Processed 0 tasks in 0.00s
[2026-05-03 14:54:33] [AutomationController] [INFO] [Cycle 351] Processed 0 tasks in 0.00s
[2026-05-03 14:54:38] [AutomationController] [INFO] [Cycle 352] Processed 0 tasks in 0.00s
[2026-05-03 14:54:43] [AutomationController] [INFO] [Cycle 353] Processed 0 tasks in 0.00s
[2026-05-03 14:54:48] [AutomationController] [INFO] [Cycle 354] Processed 0 tasks in 0.00s
[2026-05-03 14:54:53] [AutomationController] [INFO] [Cycle 355] Processed 0 tasks in 0.00s
[2026-05-03 14:54:58] [AutomationController] [INFO] [Cycle 356] Processed 0 tasks in 0.00s
[2026-05-03 14:55:03] [AutomationController] [INFO] [Cycle 357] Processed 0 tasks in 0.00s
[2026-05-03 14:55:08] [AutomationController] [INFO] [Cycle 358] Processed 0 tasks in 0.00s
[2026-05-03 14:55:13] [AutomationController] [INFO] [Cycle 359] Processed 0 tasks in 0.00s
[2026-05-03 14:55:18] [AutomationController] [INFO] [Cycle 360] Processed 0 tasks in 0.00s
[2026-05-03 14:55:23] [AutomationController] [INFO] [Cycle 361] Processed 0 tasks in 0.00s
[2026-05-03 14:55:23] [AutomationController] [INFO] Heartbeat: {"timestamp": "2026-05-03T14:55:23.901781", "cycles_completed": 361, "tasks_processed": 0, "tasks_success": 0, "tasks_escalated": 596, "errors": 0}
[2026-05-03 14:55:28] [AutomationController] [INFO] [Cycle 362] Processed 0 tasks in 0.00s
[2026-05-03 14:55:33] [AutomationController] [INFO] [Cycle 363] Processed 0 tasks in 0.00s
[2026-05-03 14:55:38] [AutomationController] [INFO] [Cycle 364] Processed 0 tasks in 0.00s
[2026-05-03 14:55:43] [AutomationController] [INFO] [Cycle 365] Processed 0 tasks in 0.00s
[2026-05-03 14:55:48] [AutomationController] [INFO] [Cycle 366] Processed 0 tasks in 0.00s
[2026-05-03 14:55:53] [AutomationController] [INFO] [Cycle 367] Processed 0 tasks in 0.00s
[2026-05-03 14:55:58] [AutomationController] [INFO] [Cycle 368] Processed 0 tasks in 0.00s
[2026-05-03 14:56:03] [AutomationController] [INFO] [Cycle 369] Processed 0 tasks in 0.00s
[2026-05-03 14:56:08] [AutomationController] [INFO] [Cycle 370] Processed 0 tasks in 0.00s
[2026-05-03 14:56:13] [AutomationController] [INFO] [Cycle 371] Processed 0 tasks in 0.00s
[2026-05-03 14:56:18] [AutomationController] [INFO] [Cycle 372] Processed 0 tasks in 0.00s
[2026-05-03 14:56:23] [AutomationController] [INFO] [Cycle 373] Processed 0 tasks in 0.00s
[2026-05-03 14:56:23] [AutomationController] [INFO] Heartbeat: {"timestamp": "2026-05-03T14:56:23.938687", "cycles_completed": 373, "tasks_processed": 0, "tasks_success": 0, "tasks_escalated": 620, "errors": 0}
[2026-05-03 14:56:28] [AutomationController] [INFO] [Cycle 374] Processed 0 tasks in 0.00s
[2026-05-03 14:56:33] [AutomationController] [INFO] [Cycle 375] Processed 0 tasks in 0.00s
[2026-05-03 14:56:38] [AutomationController] [INFO] [Cycle 376] Processed 0 tasks in 0.00s
[2026-05-03 14:56:43] [AutomationController] [INFO] [Cycle 377] Processed 0 tasks in 0.00s
[2026-05-03 14:56:48] [AutomationController] [INFO] [Cycle 378] Processed 0 tasks in 0.00s
[2026-05-03 14:56:53] [AutomationController] [INFO] [Cycle 379] Processed 0 tasks in 0.00s
[2026-05-03 14:56:58] [AutomationController] [INFO] [Cycle 380] Processed 0 tasks in 0.00s
[2026-05-03 14:57:03] [AutomationController] [INFO] [Cycle 381] Processed 0 tasks in 0.00s
[2026-05-03 14:57:08] [AutomationController] [INFO] [Cycle 382] Processed 0 tasks in 0.00s
[2026-05-03 14:57:13] [AutomationController] [INFO] [Cycle 383] Processed 0 tasks in 0.00s
[2026-05-03 14:57:18] [AutomationController] [INFO] [Cycle 384] Processed 0 tasks in 0.00s
[2026-05-03 14:57:23] [AutomationController] [INFO] [Cycle 385] Processed 0 tasks in 0.00s
[2026-05-03 14:57:23] [AutomationController] [INFO] Heartbeat: {"timestamp": "2026-05-03T14:57:23.987194", "cycles_completed": 385, "tasks_processed": 0, "tasks_success": 0, "tasks_escalated": 644, "errors": 0}
[2026-05-03 14:57:28] [AutomationController] [INFO] [Cycle 386] Processed 0 tasks in 0.00s
[2026-05-03 14:57:33] [AutomationController] [INFO] [Cycle 387] Processed 0 tasks in 0.00s
[2026-05-03 14:57:39] [AutomationController] [INFO] [Cycle 388] Processed 0 tasks in 0.00s
[2026-05-03 14:57:44] [AutomationController] [INFO] [Cycle 389] Processed 0 tasks in 0.00s
[2026-05-03 14:57:49] [AutomationController] [INFO] [Cycle 390] Processed 0 tasks in 0.00s
[2026-05-03 14:57:54] [AutomationController] [INFO] [Cycle 391] Processed 0 tasks in 0.00s
[2026-05-03 14:57:59] [AutomationController] [INFO] [Cycle 392] Processed 0 tasks in 0.00s
[2026-05-03 14:58:04] [AutomationController] [INFO] [Cycle 393] Processed 0 tasks in 0.00s
[2026-05-03 14:58:09] [AutomationController] [INFO] [Cycle 394] Processed 0 tasks in 0.00s
[2026-05-03 14:58:14] [AutomationController] [INFO] [Cycle 395] Processed 0 tasks in 0.00s
[2026-05-03 14:58:19] [AutomationController] [INFO] [Cycle 396] Processed 0 tasks in 0.00s
[2026-05-03 14:58:24] [AutomationController] [INFO] [Cycle 397] Processed 0 tasks in 0.00s
[2026-05-03 14:58:24] [AutomationController] [INFO] Heartbeat: {"timestamp": "2026-05-03T14:58:24.032923", "cycles_completed": 397, "tasks_processed": 0, "tasks_success": 0, "tasks_escalated": 668, "errors": 0}
[2026-05-03 14:58:29] [AutomationController] [INFO] [Cycle 398] Processed 0 tasks in 0.00s
[2026-05-03 14:58:34] [AutomationController] [INFO] [Cycle 399] Processed 0 tasks in 0.00s
[2026-05-03 14:58:39] [AutomationController] [INFO] [Cycle 400] Processed 0 tasks in 0.00s
[2026-05-03 14:58:44] [AutomationController] [INFO] [Cycle 401] Processed 0 tasks in 0.00s
[2026-05-03 14:58:49] [AutomationController] [INFO] [Cycle 402] Processed 0 tasks in 0.00s
[2026-05-03 14:58:54] [AutomationController] [INFO] [Cycle 403] Processed 0 tasks in 0.00s
[2026-05-03 14:58:59] [AutomationController] [INFO] [Cycle 404] Processed 0 tasks in 0.00s
[2026-05-03 14:59:04] [AutomationController] [INFO] [Cycle 405] Processed 0 tasks in 0.00s
[2026-05-03 14:59:09] [AutomationController] [INFO] [Cycle 406] Processed 0 tasks in 0.00s
[2026-05-03 14:59:14] [AutomationController] [INFO] [Cycle 407] Processed 0 tasks in 0.00s
[2026-05-03 14:59:19] [AutomationController] [INFO] [Cycle 408] Processed 0 tasks in 0.00s
[2026-05-03 14:59:24] [AutomationController] [INFO] [Cycle 409] Processed 0 tasks in 0.00s
[2026-05-03 14:59:24] [AutomationController] [INFO] Heartbeat: {"timestamp": "2026-05-03T14:59:24.114648", "cycles_completed": 409, "tasks_processed": 0, "tasks_success": 0, "tasks_escalated": 692, "errors": 0}
[2026-05-03 14:59:29] [AutomationController] [INFO] [Cycle 410] Processed 0 tasks in 0.00s
[2026-05-03 14:59:34] [AutomationController] [INFO] [Cycle 411] Processed 0 tasks in 0.00s
[2026-05-03 14:59:39] [AutomationController] [INFO] [Cycle 412] Processed 0 tasks in 0.00s
[2026-05-03 14:59:44] [AutomationController] [INFO] [Cycle 413] Processed 0 tasks in 0.00s
[2026-05-03 14:59:49] [AutomationController] [INFO] [Cycle 414] Processed 0 tasks in 0.00s
[2026-05-03 14:59:54] [AutomationController] [INFO] [Cycle 415] Processed 0 tasks in 0.00s
[2026-05-03 14:59:59] [AutomationController] [INFO] [Cycle 416] Processed 0 tasks in 0.00s
[2026-05-03 15:00:04] [AutomationController] [INFO] [Cycle 417] Processed 0 tasks in 0.00s
[2026-05-03 15:00:09] [AutomationController] [INFO] [Cycle 418] Processed 0 tasks in 0.00s
[2026-05-03 15:00:14] [AutomationController] [INFO] [Cycle 419] Processed 0 tasks in 0.00s
[2026-05-03 15:00:19] [AutomationController] [INFO] [Cycle 420] Processed 0 tasks in 0.00s
[2026-05-03 15:00:24] [AutomationController] [INFO] [Cycle 421] Processed 0 tasks in 0.00s
[2026-05-03 15:00:24] [AutomationController] [INFO] Heartbeat: {"timestamp": "2026-05-03T15:00:24.161729", "cycles_completed": 421, "tasks_processed": 0, "tasks_success": 0, "tasks_escalated": 716, "errors": 0}
[2026-05-03 15:00:29] [AutomationController] [INFO] [Cycle 422] Processed 0 tasks in 0.00s
[2026-05-03 15:00:34] [AutomationController] [INFO] [Cycle 423] Processed 0 tasks in 0.00s
[2026-05-03 15:00:39] [AutomationController] [INFO] [Cycle 424] Processed 0 tasks in 0.00s
[2026-05-03 15:00:44] [AutomationController] [INFO] [Cycle 425] Processed 0 tasks in 0.00s
[2026-05-03 15:00:49] [AutomationController] [INFO] [Cycle 426] Processed 0 tasks in 0.00s
[2026-05-03 15:00:54] [AutomationController] [INFO] [Cycle 427] Processed 0 tasks in 0.00s
[2026-05-03 15:00:59] [AutomationController] [INFO] [Cycle 428] Processed 0 tasks in 0.00s
[2026-05-03 15:01:04] [AutomationController] [INFO] [Cycle 429] Processed 0 tasks in 0.00s
[2026-05-03 15:01:09] [AutomationController] [INFO] [Cycle 430] Processed 0 tasks in 0.00s
[2026-05-03 15:01:14] [AutomationController] [INFO] [Cycle 431] Processed 0 tasks in 0.00s
[2026-05-03 15:01:19] [AutomationController] [INFO] [Cycle 432] Processed 0 tasks in 0.00s
[2026-05-03 15:01:24] [AutomationController] [INFO] [Cycle 433] Processed 0 tasks in 0.00s
[2026-05-03 15:01:24] [AutomationController] [INFO] Heartbeat: {"timestamp": "2026-05-03T15:01:24.199727", "cycles_completed": 433, "tasks_processed": 0, "tasks_success": 0, "tasks_escalated": 740, "errors": 0}
[2026-05-03 15:01:29] [AutomationController] [INFO] [Cycle 434] Processed 0 tasks in 0.00s
[2026-05-03 15:01:34] [AutomationController] [INFO] [Cycle 435] Processed 0 tasks in 0.00s
[2026-05-03 15:01:39] [AutomationController] [INFO] [Cycle 436] Processed 0 tasks in 0.00s
[2026-05-03 15:01:44] [AutomationController] [INFO] [Cycle 437] Processed 0 tasks in 0.00s
[2026-05-03 15:01:49] [AutomationController] [INFO] [Cycle 438] Processed 0 tasks in 0.00s
[2026-05-03 15:01:54] [AutomationController] [INFO] [Cycle 439] Processed 0 tasks in 0.00s
[2026-05-03 15:01:59] [AutomationController] [INFO] [Cycle 440] Processed 0 tasks in 0.00s
[2026-05-03 15:02:04] [AutomationController] [INFO] [Cycle 441] Processed 0 tasks in 0.00s
[2026-05-03 15:02:09] [AutomationController] [INFO] [Cycle 442] Processed 0 tasks in 0.00s
[2026-05-03 15:02:14] [AutomationController] [INFO] [Cycle 443] Processed 0 tasks in 0.00s
[2026-05-03 15:02:19] [AutomationController] [INFO] [Cycle 444] Processed 0 tasks in 0.00s
[2026-05-03 15:02:24] [AutomationController] [INFO] [Cycle 445] Processed 0 tasks in 0.00s
[2026-05-03 15:02:24] [AutomationController] [INFO] Heartbeat: {"timestamp": "2026-05-03T15:02:24.239009", "cycles_completed": 445, "tasks_processed": 0, "tasks_success": 0, "tasks_escalated": 764, "errors": 0}
[2026-05-03 15:02:29] [AutomationController] [INFO] [Cycle 446] Processed 0 tasks in 0.00s
[2026-05-03 15:02:34] [AutomationController] [INFO] [Cycle 447] Processed 0 tasks in 0.00s
[2026-05-03 15:02:39] [AutomationController] [INFO] [Cycle 448] Processed 0 tasks in 0.00s
[2026-05-03 15:02:44] [AutomationController] [INFO] [Cycle 449] Processed 0 tasks in 0.00s
[2026-05-03 15:02:49] [AutomationController] [INFO] [Cycle 450] Processed 0 tasks in 0.00s
[2026-05-03 15:02:54] [AutomationController] [INFO] [Cycle 451] Processed 0 tasks in 0.00s
[2026-05-03 15:02:59] [AutomationController] [INFO] [Cycle 452] Processed 0 tasks in 0.00s
[2026-05-03 15:03:04] [AutomationController] [INFO] [Cycle 453] Processed 0 tasks in 0.00s
[2026-05-03 15:03:09] [AutomationController] [INFO] [Cycle 454] Processed 0 tasks in 0.00s
[2026-05-03 15:03:14] [AutomationController] [INFO] [Cycle 455] Processed 0 tasks in 0.00s
[2026-05-03 15:03:19] [AutomationController] [INFO] [Cycle 456] Processed 0 tasks in 0.00s
[2026-05-03 15:03:24] [AutomationController] [INFO] [Cycle 457] Processed 0 tasks in 0.00s
[2026-05-03 15:03:24] [AutomationController] [INFO] Heartbeat: {"timestamp": "2026-05-03T15:03:24.324495", "cycles_completed": 457, "tasks_processed": 0, "tasks_success": 0, "tasks_escalated": 788, "errors": 0}
[2026-05-03 15:03:29] [AutomationController] [INFO] [Cycle 458] Processed 0 tasks in 0.00s
[2026-05-03 15:03:34] [AutomationController] [INFO] [Cycle 459] Processed 0 tasks in 0.00s
[2026-05-03 15:03:39] [AutomationController] [INFO] [Cycle 460] Processed 0 tasks in 0.00s
[2026-05-03 15:03:44] [AutomationController] [INFO] [Cycle 461] Processed 0 tasks in 0.00s
[2026-05-03 15:03:49] [AutomationController] [INFO] [Cycle 462] Processed 0 tasks in 0.00s
[2026-05-03 15:03:54] [AutomationController] [INFO] [Cycle 463] Processed 0 tasks in 0.00s
[2026-05-03 15:03:59] [AutomationController] [INFO] [Cycle 464] Processed 0 tasks in 0.00s
[2026-05-03 15:04:04] [AutomationController] [INFO] [Cycle 465] Processed 0 tasks in 0.00s
[2026-05-03 15:04:09] [AutomationController] [INFO] [Cycle 466] Processed 0 tasks in 0.00s
[2026-05-03 15:04:14] [AutomationController] [INFO] [Cycle 467] Processed 0 tasks in 0.00s
[2026-05-03 15:04:19] [AutomationController] [INFO] [Cycle 468] Processed 0 tasks in 0.00s
[2026-05-03 15:04:24] [AutomationController] [INFO] [Cycle 469] Processed 0 tasks in 0.00s
[2026-05-03 15:04:24] [AutomationController] [INFO] Heartbeat: {"timestamp": "2026-05-03T15:04:24.406529", "cycles_completed": 469, "tasks_processed": 0, "tasks_success": 0, "tasks_escalated": 812, "errors": 0}
[2026-05-03 15:04:29] [AutomationController] [INFO] [Cycle 470] Processed 0 tasks in 0.00s
[2026-05-03 15:04:34] [AutomationController] [INFO] [Cycle 471] Processed 0 tasks in 0.00s
[2026-05-03 15:04:39] [AutomationController] [INFO] [Cycle 472] Processed 0 tasks in 0.00s
[2026-05-03 15:04:44] [AutomationController] [INFO] [Cycle 473] Processed 0 tasks in 0.00s
[2026-05-03 15:04:49] [AutomationController] [INFO] [Cycle 474] Processed 0 tasks in 0.00s
[2026-05-03 15:04:54] [AutomationController] [INFO] [Cycle 475] Processed 0 tasks in 0.00s
[2026-05-03 15:04:59] [AutomationController] [INFO] [Cycle 476] Processed 0 tasks in 0.00s
[2026-05-03 15:05:04] [AutomationController] [INFO] [Cycle 477] Processed 0 tasks in 0.00s
[2026-05-03 15:05:09] [AutomationController] [INFO] [Cycle 478] Processed 0 tasks in 0.00s
[2026-05-03 15:05:14] [AutomationController] [INFO] [Cycle 479] Processed 0 tasks in 0.00s
[2026-05-03 15:05:19] [AutomationController] [INFO] [Cycle 480] Processed 0 tasks in 0.00s
[2026-05-03 15:05:24] [AutomationController] [INFO] [Cycle 481] Processed 0 tasks in 0.00s
[2026-05-03 15:05:24] [AutomationController] [INFO] Heartbeat: {"timestamp": "2026-05-03T15:05:24.491312", "cycles_completed": 481, "tasks_processed": 0, "tasks_success": 0, "tasks_escalated": 836, "errors": 0}
[2026-05-03 15:05:29] [AutomationController] [INFO] [Cycle 482] Processed 0 tasks in 0.00s
[2026-05-03 15:05:34] [AutomationController] [INFO] [Cycle 483] Processed 0 tasks in 0.00s
[2026-05-03 15:05:39] [AutomationController] [INFO] [Cycle 484] Processed 0 tasks in 0.00s
[2026-05-03 15:05:44] [AutomationController] [INFO] [Cycle 485] Processed 0 tasks in 0.00s
[2026-05-03 15:05:49] [AutomationController] [INFO] [Cycle 486] Processed 0 tasks in 0.00s
[2026-05-03 15:05:54] [AutomationController] [INFO] [Cycle 487] Processed 0 tasks in 0.00s
[2026-05-03 15:05:59] [AutomationController] [INFO] [Cycle 488] Processed 0 tasks in 0.00s
[2026-05-03 15:06:04] [AutomationController] [INFO] [Cycle 489] Processed 0 tasks in 0.00s
[2026-05-03 15:06:09] [AutomationController] [INFO] [Cycle 490] Processed 0 tasks in 0.00s
[2026-05-03 15:06:14] [AutomationController] [INFO] [Cycle 491] Processed 0 tasks in 0.00s
[2026-05-03 15:06:19] [AutomationController] [INFO] [Cycle 492] Processed 0 tasks in 0.00s
[2026-05-03 15:06:24] [AutomationController] [INFO] [Cycle 493] Processed 0 tasks in 0.00s
[2026-05-03 15:06:24] [AutomationController] [INFO] Heartbeat: {"timestamp": "2026-05-03T15:06:24.593424", "cycles_completed": 493, "tasks_processed": 0, "tasks_success": 0, "tasks_escalated": 860, "errors": 0}
[2026-05-03 15:06:29] [AutomationController] [INFO] [Cycle 494] Processed 0 tasks in 0.00s
[2026-05-03 15:06:34] [AutomationController] [INFO] [Cycle 495] Processed 0 tasks in 0.00s
[2026-05-03 15:06:39] [AutomationController] [INFO] [Cycle 496] Processed 0 tasks in 0.00s
[2026-05-03 15:06:44] [AutomationController] [INFO] [Cycle 497] Processed 0 tasks in 0.00s
[2026-05-03 15:06:49] [AutomationController] [INFO] [Cycle 498] Processed 0 tasks in 0.00s
[2026-05-03 15:06:54] [AutomationController] [INFO] [Cycle 499] Processed 0 tasks in 0.00s
[2026-05-03 15:06:59] [AutomationController] [INFO] [Cycle 500] Processed 0 tasks in 0.00s
[2026-05-03 15:07:04] [AutomationController] [INFO] [Cycle 501] Processed 0 tasks in 0.00s
[2026-05-03 15:07:09] [AutomationController] [INFO] [Cycle 502] Processed 0 tasks in 0.00s
[2026-05-03 15:07:14] [AutomationController] [INFO] [Cycle 503] Processed 0 tasks in 0.00s
[2026-05-03 15:07:19] [AutomationController] [INFO] [Cycle 504] Processed 0 tasks in 0.00s
[2026-05-03 15:07:24] [AutomationController] [INFO] [Cycle 505] Processed 0 tasks in 0.00s
[2026-05-03 15:07:24] [AutomationController] [INFO] Heartbeat: {"timestamp": "2026-05-03T15:07:24.666923", "cycles_completed": 505, "tasks_processed": 0, "tasks_success": 0, "tasks_escalated": 884, "errors": 0}
[2026-05-03 15:07:29] [AutomationController] [INFO] [Cycle 506] Processed 0 tasks in 0.00s
[2026-05-03 15:07:34] [AutomationController] [INFO] [Cycle 507] Processed 0 tasks in 0.00s
[2026-05-03 15:07:39] [AutomationController] [INFO] [Cycle 508] Processed 0 tasks in 0.00s
[2026-05-03 15:07:44] [AutomationController] [INFO] [Cycle 509] Processed 0 tasks in 0.00s
[2026-05-03 15:07:49] [AutomationController] [INFO] [Cycle 510] Processed 0 tasks in 0.00s
[2026-05-03 15:07:54] [AutomationController] [INFO] [Cycle 511] Processed 0 tasks in 0.00s
[2026-05-03 15:07:59] [AutomationController] [INFO] [Cycle 512] Processed 0 tasks in 0.00s
[2026-05-03 15:08:04] [AutomationController] [INFO] [Cycle 513] Processed 0 tasks in 0.00s
[2026-05-03 15:08:09] [AutomationController] [INFO] [Cycle 514] Processed 0 tasks in 0.00s
[2026-05-03 15:08:14] [AutomationController] [INFO] [Cycle 515] Processed 0 tasks in 0.00s
[2026-05-03 15:08:19] [AutomationController] [INFO] [Cycle 516] Processed 0 tasks in 0.00s
[2026-05-03 15:08:24] [AutomationController] [INFO] [Cycle 517] Processed 0 tasks in 0.00s
[2026-05-03 15:08:24] [AutomationController] [INFO] Heartbeat: {"timestamp": "2026-05-03T15:08:24.756575", "cycles_completed": 517, "tasks_processed": 0, "tasks_success": 0, "tasks_escalated": 908, "errors": 0}
[2026-05-03 15:08:29] [AutomationController] [INFO] [Cycle 518] Processed 0 tasks in 0.00s
[2026-05-03 15:08:34] [AutomationController] [INFO] [Cycle 519] Processed 0 tasks in 0.00s
[2026-05-03 15:08:39] [AutomationController] [INFO] [Cycle 520] Processed 0 tasks in 0.00s
[2026-05-03 15:08:44] [AutomationController] [INFO] [Cycle 521] Processed 0 tasks in 0.00s
[2026-05-03 15:08:49] [AutomationController] [INFO] [Cycle 522] Processed 0 tasks in 0.00s
[2026-05-03 15:08:54] [AutomationController] [INFO] [Cycle 523] Processed 0 tasks in 0.00s
[2026-05-03 15:08:59] [AutomationController] [INFO] [Cycle 524] Processed 0 tasks in 0.00s
[2026-05-03 15:09:04] [AutomationController] [INFO] [Cycle 525] Processed 0 tasks in 0.00s
[2026-05-03 15:09:09] [AutomationController] [INFO] [Cycle 526] Processed 0 tasks in 0.00s
[2026-05-03 15:09:14] [AutomationController] [INFO] [Cycle 527] Processed 0 tasks in 0.00s
[2026-05-03 15:09:19] [AutomationController] [INFO] [Cycle 528] Processed 0 tasks in 0.00s
[2026-05-03 15:09:24] [AutomationController] [INFO] [Cycle 529] Processed 0 tasks in 0.00s
[2026-05-03 15:09:24] [AutomationController] [INFO] Heartbeat: {"timestamp": "2026-05-03T15:09:24.837218", "cycles_completed": 529, "tasks_processed": 0, "tasks_success": 0, "tasks_escalated": 932, "errors": 0}
[2026-05-03 15:09:29] [AutomationController] [INFO] [Cycle 530] Processed 0 tasks in 0.00s
[2026-05-03 15:09:34] [AutomationController] [INFO] [Cycle 531] Processed 0 tasks in 0.00s
[2026-05-03 15:09:39] [AutomationController] [INFO] [Cycle 532] Processed 0 tasks in 0.00s
[2026-05-03 15:09:44] [AutomationController] [INFO] [Cycle 533] Processed 0 tasks in 0.00s
[2026-05-03 15:09:49] [AutomationController] [INFO] [Cycle 534] Processed 0 tasks in 0.00s
[2026-05-03 15:09:54] [AutomationController] [INFO] [Cycle 535] Processed 0 tasks in 0.00s
[2026-05-03 15:09:59] [AutomationController] [INFO] [Cycle 536] Processed 0 tasks in 0.00s
[2026-05-03 15:10:04] [AutomationController] [INFO] [Cycle 537] Processed 0 tasks in 0.00s
[2026-05-03 15:10:09] [AutomationController] [INFO] [Cycle 538] Processed 0 tasks in 0.00s
[2026-05-03 15:10:14] [AutomationController] [INFO] [Cycle 539] Processed 0 tasks in 0.00s
[2026-05-03 15:10:19] [AutomationController] [INFO] [Cycle 540] Processed 0 tasks in 0.00s
[2026-05-03 15:10:24] [AutomationController] [INFO] [Cycle 541] Processed 0 tasks in 0.00s
[2026-05-03 15:10:24] [AutomationController] [INFO] Heartbeat: {"timestamp": "2026-05-03T15:10:24.925247", "cycles_completed": 541, "tasks_processed": 0, "tasks_success": 0, "tasks_escalated": 956, "errors": 0}
[2026-05-03 15:10:29] [AutomationController] [INFO] [Cycle 542] Processed 0 tasks in 0.00s
[2026-05-03 15:10:34] [AutomationController] [INFO] [Cycle 543] Processed 0 tasks in 0.00s
[2026-05-03 15:10:39] [AutomationController] [INFO] [Cycle 544] Processed 0 tasks in 0.00s
[2026-05-03 15:10:44] [AutomationController] [INFO] [Cycle 545] Processed 0 tasks in 0.00s
[2026-05-03 15:10:49] [AutomationController] [INFO] [Cycle 546] Processed 0 tasks in 0.00s
[2026-05-03 15:10:54] [AutomationController] [INFO] [Cycle 547] Processed 0 tasks in 0.00s
[2026-05-03 15:10:59] [AutomationController] [INFO] [Cycle 548] Processed 0 tasks in 0.00s
[2026-05-03 15:11:04] [AutomationController] [INFO] [Cycle 549] Processed 0 tasks in 0.00s
[2026-05-03 15:11:09] [AutomationController] [INFO] [Cycle 550] Processed 0 tasks in 0.00s
[2026-05-03 15:11:14] [AutomationController] [INFO] [Cycle 551] Processed 0 tasks in 0.00s
[2026-05-03 15:11:19] [AutomationController] [INFO] [Cycle 552] Processed 0 tasks in 0.00s
[2026-05-03 15:11:24] [AutomationController] [INFO] [Cycle 553] Processed 0 tasks in 0.00s
[2026-05-03 15:11:24] [AutomationController] [INFO] Heartbeat: {"timestamp": "2026-05-03T15:11:24.987794", "cycles_completed": 553, "tasks_processed": 0, "tasks_success": 0, "tasks_escalated": 980, "errors": 0}
[2026-05-03 15:11:29] [AutomationController] [INFO] [Cycle 554] Processed 0 tasks in 0.00s
[2026-05-03 15:11:35] [AutomationController] [INFO] [Cycle 555] Processed 0 tasks in 0.00s
[2026-05-03 15:11:40] [AutomationController] [INFO] [Cycle 556] Processed 0 tasks in 0.00s
[2026-05-03 15:11:45] [AutomationController] [INFO] [Cycle 557] Processed 0 tasks in 0.00s
[2026-05-03 15:11:50] [AutomationController] [INFO] [Cycle 558] Processed 0 tasks in 0.00s
[2026-05-03 15:11:55] [AutomationController] [INFO] [Cycle 559] Processed 0 tasks in 0.00s
[2026-05-03 15:12:00] [AutomationController] [INFO] [Cycle 560] Processed 0 tasks in 0.00s
[2026-05-03 15:12:05] [AutomationController] [INFO] [Cycle 561] Processed 0 tasks in 0.00s
[2026-05-03 15:12:10] [AutomationController] [INFO] [Cycle 562] Processed 0 tasks in 0.00s
[2026-05-03 15:12:15] [AutomationController] [INFO] [Cycle 563] Processed 0 tasks in 0.00s
[2026-05-03 15:12:20] [AutomationController] [INFO] [Cycle 564] Processed 0 tasks in 0.00s
[2026-05-03 15:12:25] [AutomationController] [INFO] [Cycle 565] Processed 0 tasks in 0.00s
[2026-05-03 15:12:25] [AutomationController] [INFO] Heartbeat: {"timestamp": "2026-05-03T15:12:25.076834", "cycles_completed": 565, "tasks_processed": 0, "tasks_success": 0, "tasks_escalated": 1004, "errors": 0}
[2026-05-03 15:12:30] [AutomationController] [INFO] [Cycle 566] Processed 0 tasks in 0.00s
[2026-05-03 15:12:35] [AutomationController] [INFO] [Cycle 567] Processed 0 tasks in 0.00s
[2026-05-03 15:12:40] [AutomationController] [INFO] [Cycle 568] Processed 0 tasks in 0.00s
[2026-05-03 15:12:45] [AutomationController] [INFO] [Cycle 569] Processed 0 tasks in 0.00s
[2026-05-03 15:12:50] [AutomationController] [INFO] [Cycle 570] Processed 0 tasks in 0.00s
[2026-05-03 15:12:55] [AutomationController] [INFO] [Cycle 571] Processed 0 tasks in 0.00s
[2026-05-03 15:13:00] [AutomationController] [INFO] [Cycle 572] Processed 0 tasks in 0.00s
[2026-05-03 15:13:05] [AutomationController] [INFO] [Cycle 573] Processed 0 tasks in 0.00s
[2026-05-03 15:13:10] [AutomationController] [INFO] [Cycle 574] Processed 0 tasks in 0.00s
[2026-05-03 15:13:15] [AutomationController] [INFO] [Cycle 575] Processed 0 tasks in 0.00s
[2026-05-03 15:13:20] [AutomationController] [INFO] [Cycle 576] Processed 0 tasks in 0.00s
[2026-05-03 15:13:25] [AutomationController] [INFO] [Cycle 577] Processed 0 tasks in 0.00s
[2026-05-03 15:13:25] [AutomationController] [INFO] Heartbeat: {"timestamp": "2026-05-03T15:13:25.145830", "cycles_completed": 577, "tasks_processed": 0, "tasks_success": 0, "tasks_escalated": 1028, "errors": 0}
[2026-05-03 15:13:30] [AutomationController] [INFO] [Cycle 578] Processed 0 tasks in 0.00s
[2026-05-03 15:13:35] [AutomationController] [INFO] [Cycle 579] Processed 0 tasks in 0.00s
[2026-05-03 15:13:40] [AutomationController] [INFO] [Cycle 580] Processed 0 tasks in 0.00s
[2026-05-03 15:13:45] [AutomationController] [INFO] [Cycle 581] Processed 0 tasks in 0.00s
[2026-05-03 15:13:50] [AutomationController] [INFO] [Cycle 582] Processed 0 tasks in 0.00s
[2026-05-03 15:13:55] [AutomationController] [INFO] [Cycle 583] Processed 0 tasks in 0.00s
[2026-05-03 15:14:00] [AutomationController] [INFO] [Cycle 584] Processed 0 tasks in 0.00s
[2026-05-03 15:14:05] [AutomationController] [INFO] [Cycle 585] Processed 0 tasks in 0.00s
[2026-05-03 15:14:10] [AutomationController] [INFO] [Cycle 586] Processed 0 tasks in 0.00s
[2026-05-03 15:14:15] [AutomationController] [INFO] [Cycle 587] Processed 0 tasks in 0.00s
[2026-05-03 15:14:20] [AutomationController] [INFO] [Cycle 588] Processed 0 tasks in 0.00s
[2026-05-03 15:14:25] [AutomationController] [INFO] [Cycle 589] Processed 0 tasks in 0.00s
[2026-05-03 15:14:25] [AutomationController] [INFO] Heartbeat: {"timestamp": "2026-05-03T15:14:25.340202", "cycles_completed": 589, "tasks_processed": 0, "tasks_success": 0, "tasks_escalated": 1052, "errors": 0}
[2026-05-03 15:14:30] [AutomationController] [INFO] [Cycle 590] Processed 0 tasks in 0.00s
[2026-05-03 15:14:35] [AutomationController] [INFO] [Cycle 591] Processed 0 tasks in 0.00s
[2026-05-03 15:14:40] [AutomationController] [INFO] [Cycle 592] Processed 0 tasks in 0.00s
[2026-05-03 15:14:45] [AutomationController] [INFO] [Cycle 593] Processed 0 tasks in 0.00s
[2026-05-03 15:14:50] [AutomationController] [INFO] [Cycle 594] Processed 0 tasks in 0.00s
[2026-05-03 15:14:55] [AutomationController] [INFO] [Cycle 595] Processed 0 tasks in 0.00s
[2026-05-03 15:15:00] [AutomationController] [INFO] [Cycle 596] Processed 0 tasks in 0.00s
[2026-05-03 15:15:05] [AutomationController] [INFO] [Cycle 597] Processed 0 tasks in 0.00s
[2026-05-03 15:15:10] [AutomationController] [INFO] [Cycle 598] Processed 0 tasks in 0.00s
[2026-05-03 15:15:15] [AutomationController] [INFO] [Cycle 599] Processed 0 tasks in 0.00s
[2026-05-03 15:15:20] [AutomationController] [INFO] [Cycle 600] Processed 0 tasks in 0.00s
[2026-05-03 15:15:25] [AutomationController] [INFO] [Cycle 601] Processed 0 tasks in 0.00s
[2026-05-03 15:15:25] [AutomationController] [INFO] Heartbeat: {"timestamp": "2026-05-03T15:15:25.414199", "cycles_completed": 601, "tasks_processed": 0, "tasks_success": 0, "tasks_escalated": 1076, "errors": 0}
[2026-05-03 15:15:30] [AutomationController] [INFO] [Cycle 602] Processed 0 tasks in 0.00s
[2026-05-03 15:15:35] [AutomationController] [INFO] [Cycle 603] Processed 0 tasks in 0.00s
[2026-05-03 15:15:40] [AutomationController] [INFO] [Cycle 604] Processed 0 tasks in 0.00s
[2026-05-03 15:15:45] [AutomationController] [INFO] [Cycle 605] Processed 0 tasks in 0.00s
[2026-05-03 15:15:50] [AutomationController] [INFO] [Cycle 606] Processed 0 tasks in 0.00s
[2026-05-03 15:15:55] [AutomationController] [INFO] [Cycle 607] Processed 0 tasks in 0.00s
[2026-05-03 15:16:00] [AutomationController] [INFO] [Cycle 608] Processed 0 tasks in 0.00s
[2026-05-03 15:16:05] [AutomationController] [INFO] [Cycle 609] Processed 0 tasks in 0.00s
[2026-05-03 15:16:10] [AutomationController] [INFO] [Cycle 610] Processed 0 tasks in 0.00s
[2026-05-03 15:16:15] [AutomationController] [INFO] [Cycle 611] Processed 0 tasks in 0.00s
[2026-05-03 15:16:20] [AutomationController] [INFO] [Cycle 612] Processed 0 tasks in 0.00s
[2026-05-03 15:16:25] [AutomationController] [INFO] [Cycle 613] Processed 0 tasks in 0.00s
[2026-05-03 15:16:25] [AutomationController] [INFO] Heartbeat: {"timestamp": "2026-05-03T15:16:25.453961", "cycles_completed": 613, "tasks_processed": 0, "tasks_success": 0, "tasks_escalated": 1100, "errors": 0}
[2026-05-03 15:16:30] [AutomationController] [INFO] [Cycle 614] Processed 0 tasks in 0.00s
[2026-05-03 15:16:35] [AutomationController] [INFO] [Cycle 615] Processed 0 tasks in 0.00s
[2026-05-03 15:16:40] [AutomationController] [INFO] [Cycle 616] Processed 0 tasks in 0.00s
[2026-05-03 15:16:45] [AutomationController] [INFO] [Cycle 617] Processed 0 tasks in 0.00s
[2026-05-03 15:16:50] [AutomationController] [INFO] [Cycle 618] Processed 0 tasks in 0.00s
[2026-05-03 15:16:55] [AutomationController] [INFO] [Cycle 619] Processed 0 tasks in 0.00s
[2026-05-03 15:17:00] [AutomationController] [INFO] [Cycle 620] Processed 0 tasks in 0.00s
[2026-05-03 15:17:05] [AutomationController] [INFO] [Cycle 621] Processed 0 tasks in 0.00s
[2026-05-03 15:17:10] [AutomationController] [INFO] [Cycle 622] Processed 0 tasks in 0.00s
[2026-05-03 15:17:15] [AutomationController] [INFO] [Cycle 623] Processed 0 tasks in 0.00s
[2026-05-03 15:17:20] [AutomationController] [INFO] [Cycle 624] Processed 0 tasks in 0.00s
[2026-05-03 15:17:25] [AutomationController] [INFO] [Cycle 625] Processed 0 tasks in 0.00s
[2026-05-03 15:17:25] [AutomationController] [INFO] Heartbeat: {"timestamp": "2026-05-03T15:17:25.497562", "cycles_completed": 625, "tasks_processed": 0, "tasks_success": 0, "tasks_escalated": 1124, "errors": 0}
[2026-05-03 15:17:30] [AutomationController] [INFO] [Cycle 626] Processed 0 tasks in 0.00s
[2026-05-03 15:17:35] [AutomationController] [INFO] [Cycle 627] Processed 0 tasks in 0.00s
[2026-05-03 15:17:40] [AutomationController] [INFO] [Cycle 628] Processed 0 tasks in 0.00s
[2026-05-03 15:17:45] [AutomationController] [INFO] [Cycle 629] Processed 0 tasks in 0.00s
[2026-05-03 15:17:50] [AutomationController] [INFO] [Cycle 630] Processed 0 tasks in 0.00s
[2026-05-03 15:17:55] [AutomationController] [INFO] [Cycle 631] Processed 0 tasks in 0.00s
[2026-05-03 15:18:00] [AutomationController] [INFO] [Cycle 632] Processed 0 tasks in 0.00s
[2026-05-03 15:18:05] [AutomationController] [INFO] [Cycle 633] Processed 0 tasks in 0.00s
[2026-05-03 15:18:10] [AutomationController] [INFO] [Cycle 634] Processed 0 tasks in 0.00s
[2026-05-03 15:18:15] [AutomationController] [INFO] [Cycle 635] Processed 0 tasks in 0.00s
[2026-05-03 15:18:20] [AutomationController] [INFO] [Cycle 636] Processed 0 tasks in 0.00s
[2026-05-03 15:18:25] [AutomationController] [INFO] [Cycle 637] Processed 0 tasks in 0.00s
[2026-05-03 15:18:25] [AutomationController] [INFO] Heartbeat: {"timestamp": "2026-05-03T15:18:25.548661", "cycles_completed": 637, "tasks_processed": 0, "tasks_success": 0, "tasks_escalated": 1148, "errors": 0}
[2026-05-03 15:18:30] [AutomationController] [INFO] [Cycle 638] Processed 0 tasks in 0.00s
[2026-05-03 15:18:35] [AutomationController] [INFO] [Cycle 639] Processed 0 tasks in 0.00s
[2026-05-03 15:18:40] [AutomationController] [INFO] [Cycle 640] Processed 0 tasks in 0.00s
[2026-05-03 15:18:45] [AutomationController] [INFO] [Cycle 641] Processed 0 tasks in 0.00s
[2026-05-03 15:18:50] [AutomationController] [INFO] [Cycle 642] Processed 0 tasks in 0.00s
[2026-05-03 15:18:55] [AutomationController] [INFO] [Cycle 643] Processed 0 tasks in 0.00s
[2026-05-03 15:19:00] [AutomationController] [INFO] [Cycle 644] Processed 0 tasks in 0.00s
[2026-05-03 15:19:05] [AutomationController] [INFO] [Cycle 645] Processed 0 tasks in 0.00s
[2026-05-03 15:19:10] [AutomationController] [INFO] [Cycle 646] Processed 0 tasks in 0.00s
[2026-05-03 15:19:15] [AutomationController] [INFO] [Cycle 647] Processed 0 tasks in 0.00s
[2026-05-03 15:19:20] [AutomationController] [INFO] [Cycle 648] Processed 0 tasks in 0.00s
[2026-05-03 15:19:25] [AutomationController] [INFO] [Cycle 649] Processed 0 tasks in 0.00s
[2026-05-03 15:19:25] [AutomationController] [INFO] Heartbeat: {"timestamp": "2026-05-03T15:19:25.601086", "cycles_completed": 649, "tasks_processed": 0, "tasks_success": 0, "tasks_escalated": 1172, "errors": 0}
[2026-05-03 15:19:30] [AutomationController] [INFO] [Cycle 650] Processed 0 tasks in 0.00s
[2026-05-03 15:19:35] [AutomationController] [INFO] [Cycle 651] Processed 0 tasks in 0.00s
[2026-05-03 15:19:40] [AutomationController] [INFO] [Cycle 652] Processed 0 tasks in 0.00s
[2026-05-03 15:19:45] [AutomationController] [INFO] [Cycle 653] Processed 0 tasks in 0.00s
[2026-05-03 15:19:50] [AutomationController] [INFO] [Cycle 654] Processed 0 tasks in 0.00s
[2026-05-03 15:19:55] [AutomationController] [INFO] [Cycle 655] Processed 0 tasks in 0.00s
[2026-05-03 15:20:00] [AutomationController] [INFO] [Cycle 656] Processed 0 tasks in 0.00s
[2026-05-03 15:20:05] [AutomationController] [INFO] [Cycle 657] Processed 0 tasks in 0.00s
[2026-05-03 15:20:10] [AutomationController] [INFO] [Cycle 658] Processed 0 tasks in 0.00s
[2026-05-03 15:20:15] [AutomationController] [INFO] [Cycle 659] Processed 0 tasks in 0.00s
[2026-05-03 15:20:20] [AutomationController] [INFO] [Cycle 660] Processed 0 tasks in 0.00s
[2026-05-03 15:20:25] [AutomationController] [INFO] [Cycle 661] Processed 0 tasks in 0.00s
[2026-05-03 15:20:25] [AutomationController] [INFO] Heartbeat: {"timestamp": "2026-05-03T15:20:25.647836", "cycles_completed": 661, "tasks_processed": 0, "tasks_success": 0, "tasks_escalated": 1196, "errors": 0}
[2026-05-03 15:20:30] [AutomationController] [INFO] [Cycle 662] Processed 0 tasks in 0.00s
[2026-05-03 15:20:35] [AutomationController] [INFO] [Cycle 663] Processed 0 tasks in 0.00s
[2026-05-03 15:20:40] [AutomationController] [INFO] [Cycle 664] Processed 0 tasks in 0.00s
[2026-05-03 15:20:45] [AutomationController] [INFO] [Cycle 665] Processed 0 tasks in 0.00s
[2026-05-03 15:20:50] [AutomationController] [INFO] [Cycle 666] Processed 0 tasks in 0.00s
[2026-05-03 15:20:55] [AutomationController] [INFO] [Cycle 667] Processed 0 tasks in 0.00s
[2026-05-03 15:21:00] [AutomationController] [INFO] [Cycle 668] Processed 0 tasks in 0.00s
[2026-05-03 15:21:05] [AutomationController] [INFO] [Cycle 669] Processed 0 tasks in 0.00s
[2026-05-03 15:21:10] [AutomationController] [INFO] [Cycle 670] Processed 0 tasks in 0.00s
[2026-05-03 15:21:15] [AutomationController] [INFO] [Cycle 671] Processed 0 tasks in 0.00s
[2026-05-03 15:21:20] [AutomationController] [INFO] [Cycle 672] Processed 0 tasks in 0.00s
[2026-05-03 15:21:25] [AutomationController] [INFO] [Cycle 673] Processed 0 tasks in 0.00s
[2026-05-03 15:21:25] [AutomationController] [INFO] Heartbeat: {"timestamp": "2026-05-03T15:21:25.696118", "cycles_completed": 673, "tasks_processed": 0, "tasks_success": 0, "tasks_escalated": 1220, "errors": 0}
[2026-05-03 15:21:30] [AutomationController] [INFO] [Cycle 674] Processed 0 tasks in 0.00s
[2026-05-03 15:21:35] [AutomationController] [INFO] [Cycle 675] Processed 0 tasks in 0.00s
[2026-05-03 15:21:40] [AutomationController] [INFO] [Cycle 676] Processed 0 tasks in 0.00s
[2026-05-03 15:21:45] [AutomationController] [INFO] [Cycle 677] Processed 0 tasks in 0.00s
[2026-05-03 15:21:50] [AutomationController] [INFO] [Cycle 678] Processed 0 tasks in 0.00s
[2026-05-03 15:21:55] [AutomationController] [INFO] [Cycle 679] Processed 0 tasks in 0.00s
[2026-05-03 15:22:00] [AutomationController] [INFO] [Cycle 680] Processed 0 tasks in 0.00s
[2026-05-03 15:22:05] [AutomationController] [INFO] [Cycle 681] Processed 0 tasks in 0.00s
[2026-05-03 15:22:10] [AutomationController] [INFO] [Cycle 682] Processed 0 tasks in 0.00s
[2026-05-03 15:22:15] [AutomationController] [INFO] [Cycle 683] Processed 0 tasks in 0.00s
[2026-05-03 15:22:20] [AutomationController] [INFO] [Cycle 684] Processed 0 tasks in 0.00s
[2026-05-03 15:22:25] [AutomationController] [INFO] [Cycle 685] Processed 0 tasks in 0.00s
[2026-05-03 15:22:25] [AutomationController] [INFO] Heartbeat: {"timestamp": "2026-05-03T15:22:25.738152", "cycles_completed": 685, "tasks_processed": 0, "tasks_success": 0, "tasks_escalated": 1244, "errors": 0}
[2026-05-03 15:22:30] [AutomationController] [INFO] [Cycle 686] Processed 0 tasks in 0.00s
[2026-05-03 15:22:35] [AutomationController] [INFO] [Cycle 687] Processed 0 tasks in 0.00s
[2026-05-03 15:22:40] [AutomationController] [INFO] [Cycle 688] Processed 0 tasks in 0.00s
[2026-05-03 15:22:45] [AutomationController] [INFO] [Cycle 689] Processed 0 tasks in 0.00s
[2026-05-03 15:22:50] [AutomationController] [INFO] [Cycle 690] Processed 0 tasks in 0.00s
[2026-05-03 15:22:55] [AutomationController] [INFO] [Cycle 691] Processed 0 tasks in 0.00s
[2026-05-03 15:23:00] [AutomationController] [INFO] [Cycle 692] Processed 0 tasks in 0.00s
[2026-05-03 15:23:05] [AutomationController] [INFO] [Cycle 693] Processed 0 tasks in 0.00s
[2026-05-03 15:23:10] [AutomationController] [INFO] [Cycle 694] Processed 0 tasks in 0.00s
[2026-05-03 15:23:15] [AutomationController] [INFO] [Cycle 695] Processed 0 tasks in 0.00s
[2026-05-03 15:23:20] [AutomationController] [INFO] [Cycle 696] Processed 0 tasks in 0.00s
[2026-05-03 15:23:25] [AutomationController] [INFO] [Cycle 697] Processed 0 tasks in 0.00s
[2026-05-03 15:23:25] [AutomationController] [INFO] Heartbeat: {"timestamp": "2026-05-03T15:23:25.790151", "cycles_completed": 697, "tasks_processed": 0, "tasks_success": 0, "tasks_escalated": 1268, "errors": 0}
[2026-05-03 15:23:30] [AutomationController] [INFO] [Cycle 698] Processed 0 tasks in 0.00s
[2026-05-03 15:23:35] [AutomationController] [INFO] [Cycle 699] Processed 0 tasks in 0.00s
[2026-05-03 15:23:40] [AutomationController] [INFO] [Cycle 700] Processed 0 tasks in 0.00s
[2026-05-03 15:23:45] [AutomationController] [INFO] [Cycle 701] Processed 0 tasks in 0.00s
[2026-05-03 15:23:50] [AutomationController] [INFO] [Cycle 702] Processed 0 tasks in 0.00s
[2026-05-03 15:23:55] [AutomationController] [INFO] [Cycle 703] Processed 0 tasks in 0.00s
[2026-05-03 15:24:00] [AutomationController] [INFO] [Cycle 704] Processed 0 tasks in 0.00s
[2026-05-03 15:24:05] [AutomationController] [INFO] [Cycle 705] Processed 0 tasks in 0.00s
[2026-05-03 15:24:10] [AutomationController] [INFO] [Cycle 706] Processed 0 tasks in 0.00s
[2026-05-03 15:24:15] [AutomationController] [INFO] [Cycle 707] Processed 0 tasks in 0.00s
[2026-05-03 15:24:20] [AutomationController] [INFO] [Cycle 708] Processed 0 tasks in 0.00s
[2026-05-03 15:24:25] [AutomationController] [INFO] [Cycle 709] Processed 0 tasks in 0.00s
[2026-05-03 15:24:25] [AutomationController] [INFO] Heartbeat: {"timestamp": "2026-05-03T15:24:25.839898", "cycles_completed": 709, "tasks_processed": 0, "tasks_success": 0, "tasks_escalated": 1292, "errors": 0}
[2026-05-03 15:24:30] [AutomationController] [INFO] [Cycle 710] Processed 0 tasks in 0.00s
[2026-05-03 15:24:35] [AutomationController] [INFO] [Cycle 711] Processed 0 tasks in 0.00s
[2026-05-03 15:24:40] [AutomationController] [INFO] [Cycle 712] Processed 0 tasks in 0.00s
[2026-05-03 15:24:45] [AutomationController] [INFO] [Cycle 713] Processed 0 tasks in 0.00s
[2026-05-03 15:24:50] [AutomationController] [INFO] [Cycle 714] Processed 0 tasks in 0.00s
[2026-05-03 15:24:55] [AutomationController] [INFO] [Cycle 715] Processed 0 tasks in 0.00s
[2026-05-03 15:25:00] [AutomationController] [INFO] [Cycle 716] Processed 0 tasks in 0.00s
[2026-05-03 15:25:05] [AutomationController] [INFO] [Cycle 717] Processed 0 tasks in 0.00s
[2026-05-03 15:25:10] [AutomationController] [INFO] [Cycle 718] Processed 0 tasks in 0.00s
[2026-05-03 15:25:15] [AutomationController] [INFO] [Cycle 719] Processed 0 tasks in 0.00s
[2026-05-03 15:25:20] [AutomationController] [INFO] [Cycle 720] Processed 0 tasks in 0.00s
[2026-05-03 15:25:25] [AutomationController] [INFO] [Cycle 721] Processed 0 tasks in 0.00s
[2026-05-03 15:25:25] [AutomationController] [INFO] Heartbeat: {"timestamp": "2026-05-03T15:25:25.886386", "cycles_completed": 721, "tasks_processed": 0, "tasks_success": 0, "tasks_escalated": 1316, "errors": 0}
[2026-05-03 15:25:30] [AutomationController] [INFO] [Cycle 722] Processed 0 tasks in 0.00s
[2026-05-03 15:25:35] [AutomationController] [INFO] [Cycle 723] Processed 0 tasks in 0.00s
[2026-05-03 15:25:40] [AutomationController] [INFO] [Cycle 724] Processed 0 tasks in 0.00s
[2026-05-03 15:25:45] [AutomationController] [INFO] [Cycle 725] Processed 0 tasks in 0.00s
[2026-05-03 15:25:50] [AutomationController] [INFO] [Cycle 726] Processed 0 tasks in 0.00s
[2026-05-03 15:25:55] [AutomationController] [INFO] [Cycle 727] Processed 0 tasks in 0.00s
[2026-05-03 15:26:00] [AutomationController] [INFO] [Cycle 728] Processed 0 tasks in 0.00s
[2026-05-03 15:26:05] [AutomationController] [INFO] [Cycle 729] Processed 0 tasks in 0.00s
[2026-05-03 15:26:10] [AutomationController] [INFO] [Cycle 730] Processed 0 tasks in 0.00s
[2026-05-03 15:26:15] [AutomationController] [INFO] [Cycle 731] Processed 0 tasks in 0.00s
[2026-05-03 15:26:20] [AutomationController] [INFO] [Cycle 732] Processed 0 tasks in 0.00s
[2026-05-03 15:26:25] [AutomationController] [INFO] [Cycle 733] Processed 0 tasks in 0.00s
[2026-05-03 15:26:25] [AutomationController] [INFO] Heartbeat: {"timestamp": "2026-05-03T15:26:25.947174", "cycles_completed": 733, "tasks_processed": 0, "tasks_success": 0, "tasks_escalated": 1340, "errors": 0}
[2026-05-03 15:26:30] [AutomationController] [INFO] [Cycle 734] Processed 0 tasks in 0.00s
[2026-05-03 15:26:35] [AutomationController] [INFO] [Cycle 735] Processed 0 tasks in 0.00s
[2026-05-03 15:26:40] [AutomationController] [INFO] [Cycle 736] Processed 0 tasks in 0.00s
[2026-05-03 15:26:45] [AutomationController] [INFO] [Cycle 737] Processed 0 tasks in 0.00s
[2026-05-03 15:26:50] [AutomationController] [INFO] [Cycle 738] Processed 0 tasks in 0.00s
[2026-05-03 15:26:55] [AutomationController] [INFO] [Cycle 739] Processed 0 tasks in 0.00s
[2026-05-03 15:27:00] [AutomationController] [INFO] [Cycle 740] Processed 0 tasks in 0.00s
[2026-05-03 15:27:05] [AutomationController] [INFO] [Cycle 741] Processed 0 tasks in 0.00s
[2026-05-03 15:27:10] [AutomationController] [INFO] [Cycle 742] Processed 0 tasks in 0.00s
[2026-05-03 15:27:15] [AutomationController] [INFO] [Cycle 743] Processed 0 tasks in 0.00s
[2026-05-03 15:27:20] [AutomationController] [INFO] [Cycle 744] Processed 0 tasks in 0.00s
[2026-05-03 15:27:25] [AutomationController] [INFO] [Cycle 745] Processed 0 tasks in 0.00s
[2026-05-03 15:27:25] [AutomationController] [INFO] Heartbeat: {"timestamp": "2026-05-03T15:27:25.991949", "cycles_completed": 745, "tasks_processed": 0, "tasks_success": 0, "tasks_escalated": 1364, "errors": 0}
[2026-05-03 15:27:30] [AutomationController] [INFO] [Cycle 746] Processed 0 tasks in 0.00s
[2026-05-03 15:27:35] [AutomationController] [INFO] [Cycle 747] Processed 0 tasks in 0.00s
[2026-05-03 15:27:41] [AutomationController] [INFO] [Cycle 748] Processed 0 tasks in 0.00s
[2026-05-03 15:27:46] [AutomationController] [INFO] [Cycle 749] Processed 0 tasks in 0.00s
[2026-05-03 15:27:51] [AutomationController] [INFO] [Cycle 750] Processed 0 tasks in 0.00s
[2026-05-03 15:27:56] [AutomationController] [INFO] [Cycle 751] Processed 0 tasks in 0.00s
[2026-05-03 15:28:01] [AutomationController] [INFO] [Cycle 752] Processed 0 tasks in 0.00s
[2026-05-03 15:28:06] [AutomationController] [INFO] [Cycle 753] Processed 0 tasks in 0.00s
[2026-05-03 15:28:11] [AutomationController] [INFO] [Cycle 754] Processed 0 tasks in 0.00s
[2026-05-03 15:28:16] [AutomationController] [INFO] [Cycle 755] Processed 0 tasks in 0.00s
[2026-05-03 15:28:21] [AutomationController] [INFO] [Cycle 756] Processed 0 tasks in 0.00s
[2026-05-03 15:28:26] [AutomationController] [INFO] [Cycle 757] Processed 0 tasks in 0.00s
[2026-05-03 15:28:26] [AutomationController] [INFO] Heartbeat: {"timestamp": "2026-05-03T15:28:26.035139", "cycles_completed": 757, "tasks_processed": 0, "tasks_success": 0, "tasks_escalated": 1388, "errors": 0}
[2026-05-03 15:28:31] [AutomationController] [INFO] [Cycle 758] Processed 0 tasks in 0.00s
[2026-05-03 15:28:36] [AutomationController] [INFO] [Cycle 759] Processed 0 tasks in 0.00s
[2026-05-03 15:28:41] [AutomationController] [INFO] [Cycle 760] Processed 0 tasks in 0.00s
[2026-05-03 15:28:46] [AutomationController] [INFO] [Cycle 761] Processed 0 tasks in 0.00s
[2026-05-03 15:28:51] [AutomationController] [INFO] [Cycle 762] Processed 0 tasks in 0.00s
[2026-05-03 15:28:56] [AutomationController] [INFO] [Cycle 763] Processed 0 tasks in 0.00s
[2026-05-03 15:29:01] [AutomationController] [INFO] [Cycle 764] Processed 0 tasks in 0.00s
[2026-05-03 15:29:06] [AutomationController] [INFO] [Cycle 765] Processed 0 tasks in 0.00s
[2026-05-03 15:29:11] [AutomationController] [INFO] [Cycle 766] Processed 0 tasks in 0.00s
[2026-05-03 15:29:16] [AutomationController] [INFO] [Cycle 767] Processed 0 tasks in 0.00s
[2026-05-03 15:29:21] [AutomationController] [INFO] [Cycle 768] Processed 0 tasks in 0.00s
[2026-05-03 15:29:26] [AutomationController] [INFO] [Cycle 769] Processed 0 tasks in 0.00s
[2026-05-03 15:29:26] [AutomationController] [INFO] Heartbeat: {"timestamp": "2026-05-03T15:29:26.083567", "cycles_completed": 769, "tasks_processed": 0, "tasks_success": 0, "tasks_escalated": 1412, "errors": 0}
[2026-05-03 15:29:31] [AutomationController] [INFO] [Cycle 770] Processed 0 tasks in 0.00s
[2026-05-03 15:29:36] [AutomationController] [INFO] [Cycle 771] Processed 0 tasks in 0.00s
[2026-05-03 15:29:41] [AutomationController] [INFO] [Cycle 772] Processed 0 tasks in 0.00s
[2026-05-03 15:29:46] [AutomationController] [INFO] [Cycle 773] Processed 0 tasks in 0.00s
[2026-05-03 15:29:51] [AutomationController] [INFO] [Cycle 774] Processed 0 tasks in 0.00s
[2026-05-03 15:29:56] [AutomationController] [INFO] [Cycle 775] Processed 0 tasks in 0.00s
[2026-05-03 15:30:01] [AutomationController] [INFO] [Cycle 776] Processed 0 tasks in 0.00s
[2026-05-03 15:30:06] [AutomationController] [INFO] [Cycle 777] Processed 0 tasks in 0.00s
[2026-05-03 15:30:11] [AutomationController] [INFO] [Cycle 778] Processed 0 tasks in 0.00s
[2026-05-03 15:30:16] [AutomationController] [INFO] [Cycle 779] Processed 0 tasks in 0.00s
[2026-05-03 15:30:21] [AutomationController] [INFO] [Cycle 780] Processed 0 tasks in 0.00s
[2026-05-03 15:30:26] [AutomationController] [INFO] [Cycle 781] Processed 0 tasks in 0.00s
[2026-05-03 15:30:26] [AutomationController] [INFO] Heartbeat: {"timestamp": "2026-05-03T15:30:26.083916", "cycles_completed": 781, "tasks_processed": 0, "tasks_success": 0, "tasks_escalated": 1436, "errors": 0}
[2026-05-03 15:30:31] [AutomationController] [INFO] [Cycle 782] Processed 0 tasks in 0.00s
[2026-05-03 15:30:36] [AutomationController] [INFO] [Cycle 783] Processed 0 tasks in 0.00s
[2026-05-03 15:30:41] [AutomationController] [INFO] [Cycle 784] Processed 0 tasks in 0.00s
[2026-05-03 15:30:46] [AutomationController] [INFO] [Cycle 785] Processed 0 tasks in 0.00s
[2026-05-03 15:30:51] [AutomationController] [INFO] [Cycle 786] Processed 0 tasks in 0.00s
[2026-05-03 15:30:56] [AutomationController] [INFO] [Cycle 787] Processed 0 tasks in 0.00s
[2026-05-03 15:31:01] [AutomationController] [INFO] [Cycle 788] Processed 0 tasks in 0.00s
[2026-05-03 15:31:06] [AutomationController] [INFO] [Cycle 789] Processed 0 tasks in 0.00s
[2026-05-03 15:31:11] [AutomationController] [INFO] [Cycle 790] Processed 0 tasks in 0.00s
[2026-05-03 15:31:16] [AutomationController] [INFO] [Cycle 791] Processed 0 tasks in 0.00s
[2026-05-03 15:31:21] [AutomationController] [INFO] [Cycle 792] Processed 0 tasks in 0.00s
[2026-05-03 15:31:26] [AutomationController] [INFO] [Cycle 793] Processed 0 tasks in 0.00s
[2026-05-03 15:31:26] [AutomationController] [INFO] Heartbeat: {"timestamp": "2026-05-03T15:31:26.139252", "cycles_completed": 793, "tasks_processed": 0, "tasks_success": 0, "tasks_escalated": 1460, "errors": 0}
[2026-05-03 15:31:31] [AutomationController] [INFO] [Cycle 794] Processed 0 tasks in 0.00s
[2026-05-03 15:31:36] [AutomationController] [INFO] [Cycle 795] Processed 0 tasks in 0.00s
[2026-05-03 15:31:41] [AutomationController] [INFO] [Cycle 796] Processed 0 tasks in 0.00s
[2026-05-03 15:31:46] [AutomationController] [INFO] [Cycle 797] Processed 0 tasks in 0.00s
[2026-05-03 15:31:51] [AutomationController] [INFO] [Cycle 798] Processed 0 tasks in 0.00s
[2026-05-03 15:31:56] [AutomationController] [INFO] [Cycle 799] Processed 0 tasks in 0.00s
[2026-05-03 15:32:01] [AutomationController] [INFO] [Cycle 800] Processed 0 tasks in 0.00s
[2026-05-03 15:32:06] [AutomationController] [INFO] [Cycle 801] Processed 0 tasks in 0.00s
[2026-05-03 15:32:11] [AutomationController] [INFO] [Cycle 802] Processed 0 tasks in 0.00s
[2026-05-03 15:32:16] [AutomationController] [INFO] [Cycle 803] Processed 0 tasks in 0.00s
[2026-05-03 15:32:21] [AutomationController] [INFO] [Cycle 804] Processed 0 tasks in 0.00s
[2026-05-03 15:32:26] [AutomationController] [INFO] [Cycle 805] Processed 0 tasks in 0.00s
[2026-05-03 15:32:26] [AutomationController] [INFO] Heartbeat: {"timestamp": "2026-05-03T15:32:26.188233", "cycles_completed": 805, "tasks_processed": 0, "tasks_success": 0, "tasks_escalated": 1484, "errors": 0}
[2026-05-03 15:32:31] [AutomationController] [INFO] [Cycle 806] Processed 0 tasks in 0.00s
[2026-05-03 15:32:36] [AutomationController] [INFO] [Cycle 807] Processed 0 tasks in 0.00s
[2026-05-03 15:32:41] [AutomationController] [INFO] [Cycle 808] Processed 0 tasks in 0.00s
[2026-05-03 15:32:46] [AutomationController] [INFO] [Cycle 809] Processed 0 tasks in 0.00s
[2026-05-03 15:32:51] [AutomationController] [INFO] [Cycle 810] Processed 0 tasks in 0.00s
[2026-05-03 15:32:56] [AutomationController] [INFO] [Cycle 811] Processed 0 tasks in 0.00s
[2026-05-03 15:33:01] [AutomationController] [INFO] [Cycle 812] Processed 0 tasks in 0.00s
[2026-05-03 15:33:06] [AutomationController] [INFO] [Cycle 813] Processed 0 tasks in 0.00s
[2026-05-03 15:33:11] [AutomationController] [INFO] [Cycle 814] Processed 0 tasks in 0.00s
[2026-05-03 15:33:16] [AutomationController] [INFO] [Cycle 815] Processed 0 tasks in 0.00s
[2026-05-03 15:33:21] [AutomationController] [INFO] [Cycle 816] Processed 0 tasks in 0.00s
[2026-05-03 15:33:26] [AutomationController] [INFO] [Cycle 817] Processed 0 tasks in 0.00s
[2026-05-03 15:33:26] [AutomationController] [INFO] Heartbeat: {"timestamp": "2026-05-03T15:33:26.233063", "cycles_completed": 817, "tasks_processed": 0, "tasks_success": 0, "tasks_escalated": 1508, "errors": 0}
[2026-05-03 15:33:31] [AutomationController] [INFO] [Cycle 818] Processed 0 tasks in 0.00s
[2026-05-03 15:33:36] [AutomationController] [INFO] [Cycle 819] Processed 0 tasks in 0.00s
[2026-05-03 15:33:41] [AutomationController] [INFO] [Cycle 820] Processed 0 tasks in 0.00s
[2026-05-03 15:33:46] [AutomationController] [INFO] [Cycle 821] Processed 0 tasks in 0.00s
[2026-05-03 15:33:51] [AutomationController] [INFO] [Cycle 822] Processed 0 tasks in 0.00s
[2026-05-03 15:33:56] [AutomationController] [INFO] [Cycle 823] Processed 0 tasks in 0.00s
[2026-05-03 15:34:01] [AutomationController] [INFO] [Cycle 824] Processed 0 tasks in 0.00s
[2026-05-03 15:34:06] [AutomationController] [INFO] [Cycle 825] Processed 0 tasks in 0.00s
[2026-05-03 15:34:11] [AutomationController] [INFO] [Cycle 826] Processed 0 tasks in 0.00s
[2026-05-03 15:34:16] [AutomationController] [INFO] [Cycle 827] Processed 0 tasks in 0.00s
[2026-05-03 15:34:21] [AutomationController] [INFO] [Cycle 828] Processed 0 tasks in 0.00s
[2026-05-03 15:34:26] [AutomationController] [INFO] [Cycle 829] Processed 0 tasks in 0.00s
[2026-05-03 15:34:26] [AutomationController] [INFO] Heartbeat: {"timestamp": "2026-05-03T15:34:26.276300", "cycles_completed": 829, "tasks_processed": 0, "tasks_success": 0, "tasks_escalated": 1532, "errors": 0}
[2026-05-03 15:34:31] [AutomationController] [INFO] [Cycle 830] Processed 0 tasks in 0.00s
[2026-05-03 15:34:36] [AutomationController] [INFO] [Cycle 831] Processed 0 tasks in 0.00s
[2026-05-03 15:34:41] [AutomationController] [INFO] [Cycle 832] Processed 0 tasks in 0.00s
[2026-05-03 15:34:46] [AutomationController] [INFO] [Cycle 833] Processed 0 tasks in 0.00s
[2026-05-03 15:34:51] [AutomationController] [INFO] [Cycle 834] Processed 0 tasks in 0.00s
[2026-05-03 15:34:56] [AutomationController] [INFO] [Cycle 835] Processed 0 tasks in 0.00s
[2026-05-03 15:35:01] [AutomationController] [INFO] [Cycle 836] Processed 0 tasks in 0.00s
[2026-05-03 15:35:06] [AutomationController] [INFO] [Cycle 837] Processed 0 tasks in 0.00s
[2026-05-03 15:35:11] [AutomationController] [INFO] [Cycle 838] Processed 0 tasks in 0.00s
[2026-05-03 15:35:16] [AutomationController] [INFO] [Cycle 839] Processed 0 tasks in 0.00s
[2026-05-03 15:35:21] [AutomationController] [INFO] [Cycle 840] Processed 0 tasks in 0.00s
[2026-05-03 15:35:26] [AutomationController] [INFO] [Cycle 841] Processed 0 tasks in 0.00s
[2026-05-03 15:35:26] [AutomationController] [INFO] Heartbeat: {"timestamp": "2026-05-03T15:35:26.328049", "cycles_completed": 841, "tasks_processed": 0, "tasks_success": 0, "tasks_escalated": 1556, "errors": 0}
[2026-05-03 15:35:31] [AutomationController] [INFO] [Cycle 842] Processed 0 tasks in 0.00s
[2026-05-03 15:35:36] [AutomationController] [INFO] [Cycle 843] Processed 0 tasks in 0.00s
[2026-05-03 15:35:41] [AutomationController] [INFO] [Cycle 844] Processed 0 tasks in 0.00s
[2026-05-03 15:35:46] [AutomationController] [INFO] [Cycle 845] Processed 0 tasks in 0.00s
[2026-05-03 15:35:51] [AutomationController] [INFO] [Cycle 846] Processed 0 tasks in 0.00s
[2026-05-03 15:35:56] [AutomationController] [INFO] [Cycle 847] Processed 0 tasks in 0.00s
[2026-05-03 15:36:01] [AutomationController] [INFO] [Cycle 848] Processed 0 tasks in 0.00s
[2026-05-03 15:36:06] [AutomationController] [INFO] [Cycle 849] Processed 0 tasks in 0.00s
[2026-05-03 15:36:11] [AutomationController] [INFO] [Cycle 850] Processed 0 tasks in 0.00s
[2026-05-03 15:36:16] [AutomationController] [INFO] [Cycle 851] Processed 0 tasks in 0.00s
[2026-05-03 15:36:21] [AutomationController] [INFO] [Cycle 852] Processed 0 tasks in 0.00s
[2026-05-03 15:36:26] [AutomationController] [INFO] [Cycle 853] Processed 0 tasks in 0.00s
[2026-05-03 15:36:26] [AutomationController] [INFO] Heartbeat: {"timestamp": "2026-05-03T15:36:26.374275", "cycles_completed": 853, "tasks_processed": 0, "tasks_success": 0, "tasks_escalated": 1580, "errors": 0}
[2026-05-03 15:36:31] [AutomationController] [INFO] [Cycle 854] Processed 0 tasks in 0.00s
[2026-05-03 15:36:36] [AutomationController] [INFO] [Cycle 855] Processed 0 tasks in 0.00s
[2026-05-03 15:36:41] [AutomationController] [INFO] [Cycle 856] Processed 0 tasks in 0.00s
[2026-05-03 15:36:46] [AutomationController] [INFO] [Cycle 857] Processed 0 tasks in 0.00s
[2026-05-03 15:36:51] [AutomationController] [INFO] [Cycle 858] Processed 0 tasks in 0.00s
[2026-05-03 15:36:56] [AutomationController] [INFO] [Cycle 859] Processed 0 tasks in 0.00s
[2026-05-03 15:37:01] [AutomationController] [INFO] [Cycle 860] Processed 0 tasks in 0.00s
[2026-05-03 15:37:06] [AutomationController] [INFO] [Cycle 861] Processed 0 tasks in 0.00s
[2026-05-03 15:37:11] [AutomationController] [INFO] [Cycle 862] Processed 0 tasks in 0.00s
[2026-05-03 15:37:16] [AutomationController] [INFO] [Cycle 863] Processed 0 tasks in 0.00s
[2026-05-03 15:37:21] [AutomationController] [INFO] [Cycle 864] Processed 0 tasks in 0.00s
[2026-05-03 15:37:26] [AutomationController] [INFO] [Cycle 865] Processed 0 tasks in 0.00s
[2026-05-03 15:37:26] [AutomationController] [INFO] Heartbeat: {"timestamp": "2026-05-03T15:37:26.428470", "cycles_completed": 865, "tasks_processed": 0, "tasks_success": 0, "tasks_escalated": 1604, "errors": 0}
[2026-05-03 15:37:31] [AutomationController] [INFO] [Cycle 866] Processed 0 tasks in 0.00s
[2026-05-03 15:37:36] [AutomationController] [INFO] [Cycle 867] Processed 0 tasks in 0.00s
[2026-05-03 15:37:41] [AutomationController] [INFO] [Cycle 868] Processed 0 tasks in 0.00s
[2026-05-03 15:37:46] [AutomationController] [INFO] [Cycle 869] Processed 0 tasks in 0.00s
[2026-05-03 15:37:51] [AutomationController] [INFO] [Cycle 870] Processed 0 tasks in 0.00s
[2026-05-03 15:37:56] [AutomationController] [INFO] [Cycle 871] Processed 0 tasks in 0.00s
[2026-05-03 15:38:01] [AutomationController] [INFO] [Cycle 872] Processed 0 tasks in 0.00s
[2026-05-03 15:38:06] [AutomationController] [INFO] [Cycle 873] Processed 0 tasks in 0.00s
[2026-05-03 15:38:11] [AutomationController] [INFO] [Cycle 874] Processed 0 tasks in 0.00s
[2026-05-03 15:38:16] [AutomationController] [INFO] [Cycle 875] Processed 0 tasks in 0.00s
[2026-05-03 15:38:21] [AutomationController] [INFO] [Cycle 876] Processed 0 tasks in 0.00s
[2026-05-03 15:38:26] [AutomationController] [INFO] [Cycle 877] Processed 0 tasks in 0.00s
[2026-05-03 15:38:26] [AutomationController] [INFO] Heartbeat: {"timestamp": "2026-05-03T15:38:26.464112", "cycles_completed": 877, "tasks_processed": 0, "tasks_success": 0, "tasks_escalated": 1628, "errors": 0}
[2026-05-03 15:38:31] [AutomationController] [INFO] [Cycle 878] Processed 0 tasks in 0.00s
[2026-05-03 15:38:36] [AutomationController] [INFO] [Cycle 879] Processed 0 tasks in 0.00s
[2026-05-03 15:38:41] [AutomationController] [INFO] [Cycle 880] Processed 0 tasks in 0.00s
[2026-05-03 15:38:46] [AutomationController] [INFO] [Cycle 881] Processed 0 tasks in 0.00s
[2026-05-03 15:38:51] [AutomationController] [INFO] [Cycle 882] Processed 0 tasks in 0.00s
[2026-05-03 15:38:56] [AutomationController] [INFO] [Cycle 883] Processed 0 tasks in 0.00s
[2026-05-03 15:39:01] [AutomationController] [INFO] [Cycle 884] Processed 0 tasks in 0.00s
[2026-05-03 15:39:06] [AutomationController] [INFO] [Cycle 885] Processed 0 tasks in 0.00s
[2026-05-03 15:39:11] [AutomationController] [INFO] [Cycle 886] Processed 0 tasks in 0.00s
[2026-05-03 15:39:16] [AutomationController] [INFO] [Cycle 887] Processed 0 tasks in 0.00s
[2026-05-03 15:39:21] [AutomationController] [INFO] [Cycle 888] Processed 0 tasks in 0.00s
[2026-05-03 15:39:26] [AutomationController] [INFO] [Cycle 889] Processed 0 tasks in 0.00s
[2026-05-03 15:39:26] [AutomationController] [INFO] Heartbeat: {"timestamp": "2026-05-03T15:39:26.511273", "cycles_completed": 889, "tasks_processed": 0, "tasks_success": 0, "tasks_escalated": 1652, "errors": 0}
[2026-05-03 15:39:31] [AutomationController] [INFO] [Cycle 890] Processed 0 tasks in 0.00s
[2026-05-03 15:39:36] [AutomationController] [INFO] [Cycle 891] Processed 0 tasks in 0.00s
[2026-05-03 15:39:41] [AutomationController] [INFO] [Cycle 892] Processed 0 tasks in 0.00s
[2026-05-03 15:39:46] [AutomationController] [INFO] [Cycle 893] Processed 0 tasks in 0.00s
[2026-05-03 15:39:51] [AutomationController] [INFO] [Cycle 894] Processed 0 tasks in 0.00s
[2026-05-03 15:39:56] [AutomationController] [INFO] [Cycle 895] Processed 0 tasks in 0.00s
[2026-05-03 15:40:01] [AutomationController] [INFO] [Cycle 896] Processed 0 tasks in 0.00s
[2026-05-03 15:40:06] [AutomationController] [INFO] [Cycle 897] Processed 0 tasks in 0.00s
[2026-05-03 15:40:11] [AutomationController] [INFO] [Cycle 898] Processed 0 tasks in 0.00s
[2026-05-03 15:40:16] [AutomationController] [INFO] [Cycle 899] Processed 0 tasks in 0.00s
[2026-05-03 15:40:21] [AutomationController] [INFO] [Cycle 900] Processed 0 tasks in 0.00s
[2026-05-03 15:40:26] [AutomationController] [INFO] [Cycle 901] Processed 0 tasks in 0.00s
[2026-05-03 15:40:26] [AutomationController] [INFO] Heartbeat: {"timestamp": "2026-05-03T15:40:26.564114", "cycles_completed": 901, "tasks_processed": 0, "tasks_success": 0, "tasks_escalated": 1676, "errors": 0}
[2026-05-03 15:40:31] [AutomationController] [INFO] [Cycle 902] Processed 0 tasks in 0.00s
[2026-05-03 15:40:36] [AutomationController] [INFO] [Cycle 903] Processed 0 tasks in 0.00s
[2026-05-03 15:40:41] [AutomationController] [INFO] [Cycle 904] Processed 0 tasks in 0.00s
[2026-05-03 15:40:46] [AutomationController] [INFO] [Cycle 905] Processed 0 tasks in 0.00s
[2026-05-03 15:40:51] [AutomationController] [INFO] [Cycle 906] Processed 0 tasks in 0.00s
[2026-05-03 15:40:56] [AutomationController] [INFO] [Cycle 907] Processed 0 tasks in 0.00s
[2026-05-03 15:41:01] [AutomationController] [INFO] [Cycle 908] Processed 0 tasks in 0.00s
[2026-05-03 15:41:06] [AutomationController] [INFO] [Cycle 909] Processed 0 tasks in 0.00s
[2026-05-03 15:41:11] [AutomationController] [INFO] [Cycle 910] Processed 0 tasks in 0.00s
[2026-05-03 15:41:16] [AutomationController] [INFO] [Cycle 911] Processed 0 tasks in 0.00s
[2026-05-03 15:41:21] [AutomationController] [INFO] [Cycle 912] Processed 0 tasks in 0.00s
[2026-05-03 15:41:26] [AutomationController] [INFO] [Cycle 913] Processed 0 tasks in 0.00s
[2026-05-03 15:41:26] [AutomationController] [INFO] Heartbeat: {"timestamp": "2026-05-03T15:41:26.612801", "cycles_completed": 913, "tasks_processed": 0, "tasks_success": 0, "tasks_escalated": 1700, "errors": 0}
[2026-05-03 15:41:31] [AutomationController] [INFO] [Cycle 914] Processed 0 tasks in 0.00s
[2026-05-03 15:41:36] [AutomationController] [INFO] [Cycle 915] Processed 0 tasks in 0.00s
[2026-05-03 15:41:41] [AutomationController] [INFO] [Cycle 916] Processed 0 tasks in 0.00s
[2026-05-03 15:41:46] [AutomationController] [INFO] [Cycle 917] Processed 0 tasks in 0.00s
[2026-05-03 15:41:51] [AutomationController] [INFO] [Cycle 918] Processed 0 tasks in 0.00s
[2026-05-03 15:41:56] [AutomationController] [INFO] [Cycle 919] Processed 0 tasks in 0.00s
[2026-05-03 15:42:01] [AutomationController] [INFO] [Cycle 920] Processed 0 tasks in 0.00s
[2026-05-03 15:42:06] [AutomationController] [INFO] [Cycle 921] Processed 0 tasks in 0.00s
[2026-05-03 15:42:11] [AutomationController] [INFO] [Cycle 922] Processed 0 tasks in 0.00s
[2026-05-03 15:42:16] [AutomationController] [INFO] [Cycle 923] Processed 0 tasks in 0.00s
[2026-05-03 15:42:21] [AutomationController] [INFO] [Cycle 924] Processed 0 tasks in 0.00s
[2026-05-03 15:42:26] [AutomationController] [INFO] [Cycle 925] Processed 0 tasks in 0.00s
[2026-05-03 15:42:26] [AutomationController] [INFO] Heartbeat: {"timestamp": "2026-05-03T15:42:26.657686", "cycles_completed": 925, "tasks_processed": 0, "tasks_success": 0, "tasks_escalated": 1724, "errors": 0}
[2026-05-03 15:42:31] [AutomationController] [INFO] [Cycle 926] Processed 0 tasks in 0.00s
[2026-05-03 15:42:36] [AutomationController] [INFO] [Cycle 927] Processed 0 tasks in 0.00s
[2026-05-03 15:42:41] [AutomationController] [INFO] [Cycle 928] Processed 0 tasks in 0.00s
[2026-05-03 15:42:46] [AutomationController] [INFO] [Cycle 929] Processed 0 tasks in 0.00s
[2026-05-03 15:42:51] [AutomationController] [INFO] [Cycle 930] Processed 0 tasks in 0.00s
[2026-05-03 15:42:56] [AutomationController] [INFO] [Cycle 931] Processed 0 tasks in 0.00s
[2026-05-03 15:43:01] [AutomationController] [INFO] [Cycle 932] Processed 0 tasks in 0.00s
[2026-05-03 15:43:06] [AutomationController] [INFO] [Cycle 933] Processed 0 tasks in 0.00s
[2026-05-03 15:43:11] [AutomationController] [INFO] [Cycle 934] Processed 0 tasks in 0.00s
[2026-05-03 15:43:16] [AutomationController] [INFO] [Cycle 935] Processed 0 tasks in 0.00s
[2026-05-03 15:43:21] [AutomationController] [INFO] [Cycle 936] Processed 0 tasks in 0.00s
[2026-05-03 15:43:26] [AutomationController] [INFO] [Cycle 937] Processed 0 tasks in 0.00s
[2026-05-03 15:43:26] [AutomationController] [INFO] Heartbeat: {"timestamp": "2026-05-03T15:43:26.707377", "cycles_completed": 937, "tasks_processed": 0, "tasks_success": 0, "tasks_escalated": 1748, "errors": 0}
[2026-05-03 15:43:31] [AutomationController] [INFO] [Cycle 938] Processed 0 tasks in 0.00s
[2026-05-03 15:43:36] [AutomationController] [INFO] [Cycle 939] Processed 0 tasks in 0.00s
[2026-05-03 15:43:41] [AutomationController] [INFO] [Cycle 940] Processed 0 tasks in 0.00s
[2026-05-03 15:43:46] [AutomationController] [INFO] [Cycle 941] Processed 0 tasks in 0.00s
[2026-05-03 15:43:51] [AutomationController] [INFO] [Cycle 942] Processed 0 tasks in 0.00s
[2026-05-03 15:43:56] [AutomationController] [INFO] [Cycle 943] Processed 0 tasks in 0.00s
[2026-05-03 15:44:01] [AutomationController] [INFO] [Cycle 944] Processed 0 tasks in 0.00s
[2026-05-03 15:44:06] [AutomationController] [INFO] [Cycle 945] Processed 0 tasks in 0.00s
[2026-05-03 15:44:11] [AutomationController] [INFO] [Cycle 946] Processed 0 tasks in 0.00s
[2026-05-03 15:44:16] [AutomationController] [INFO] [Cycle 947] Processed 0 tasks in 0.00s
[2026-05-03 15:44:21] [AutomationController] [INFO] [Cycle 948] Processed 0 tasks in 0.00s
[2026-05-03 15:44:26] [AutomationController] [INFO] [Cycle 949] Processed 0 tasks in 0.00s
[2026-05-03 15:44:26] [AutomationController] [INFO] Heartbeat: {"timestamp": "2026-05-03T15:44:26.755760", "cycles_completed": 949, "tasks_processed": 0, "tasks_success": 0, "tasks_escalated": 1772, "errors": 0}
[2026-05-03 15:44:31] [AutomationController] [INFO] [Cycle 950] Processed 0 tasks in 0.00s
[2026-05-03 15:44:36] [AutomationController] [INFO] [Cycle 951] Processed 0 tasks in 0.00s
[2026-05-03 15:44:41] [AutomationController] [INFO] [Cycle 952] Processed 0 tasks in 0.00s
[2026-05-03 15:44:46] [AutomationController] [INFO] [Cycle 953] Processed 0 tasks in 0.00s
[2026-05-03 15:44:51] [AutomationController] [INFO] [Cycle 954] Processed 0 tasks in 0.00s
[2026-05-03 15:44:56] [AutomationController] [INFO] [Cycle 955] Processed 0 tasks in 0.00s
[2026-05-03 15:45:01] [AutomationController] [INFO] [Cycle 956] Processed 0 tasks in 0.00s
[2026-05-03 15:45:06] [AutomationController] [INFO] [Cycle 957] Processed 0 tasks in 0.00s
[2026-05-03 15:45:11] [AutomationController] [INFO] [Cycle 958] Processed 0 tasks in 0.00s
[2026-05-03 15:45:16] [AutomationController] [INFO] [Cycle 959] Processed 0 tasks in 0.00s
[2026-05-03 15:45:21] [AutomationController] [INFO] [Cycle 960] Processed 0 tasks in 0.00s
[2026-05-03 15:45:26] [AutomationController] [INFO] [Cycle 961] Processed 0 tasks in 0.00s
[2026-05-03 15:45:26] [AutomationController] [INFO] Heartbeat: {"timestamp": "2026-05-03T15:45:26.802797", "cycles_completed": 961, "tasks_processed": 0, "tasks_success": 0, "tasks_escalated": 1796, "errors": 0}
[2026-05-03 15:45:31] [AutomationController] [INFO] [Cycle 962] Processed 0 tasks in 0.00s
[2026-05-03 15:45:36] [AutomationController] [INFO] [Cycle 963] Processed 0 tasks in 0.00s
[2026-05-03 15:45:41] [AutomationController] [INFO] [Cycle 964] Processed 0 tasks in 0.00s
[2026-05-03 15:45:46] [AutomationController] [INFO] [Cycle 965] Processed 0 tasks in 0.00s
[2026-05-03 15:45:51] [AutomationController] [INFO] [Cycle 966] Processed 0 tasks in 0.00s
[2026-05-03 15:45:56] [AutomationController] [INFO] [Cycle 967] Processed 0 tasks in 0.00s
[2026-05-03 15:46:01] [AutomationController] [INFO] [Cycle 968] Processed 0 tasks in 0.00s
[2026-05-03 15:46:06] [AutomationController] [INFO] [Cycle 969] Processed 0 tasks in 0.00s
[2026-05-03 15:46:11] [AutomationController] [INFO] [Cycle 970] Processed 0 tasks in 0.00s
[2026-05-03 15:46:16] [AutomationController] [INFO] [Cycle 971] Processed 0 tasks in 0.00s
[2026-05-03 15:46:21] [AutomationController] [INFO] [Cycle 972] Processed 0 tasks in 0.00s
[2026-05-03 15:46:26] [AutomationController] [INFO] [Cycle 973] Processed 0 tasks in 0.00s
[2026-05-03 15:46:26] [AutomationController] [INFO] Heartbeat: {"timestamp": "2026-05-03T15:46:26.849037", "cycles_completed": 973, "tasks_processed": 0, "tasks_success": 0, "tasks_escalated": 1820, "errors": 0}
[2026-05-03 15:46:31] [AutomationController] [INFO] [Cycle 974] Processed 0 tasks in 0.00s
[2026-05-03 15:46:36] [AutomationController] [INFO] [Cycle 975] Processed 0 tasks in 0.00s
[2026-05-03 15:46:41] [AutomationController] [INFO] [Cycle 976] Processed 0 tasks in 0.00s
[2026-05-03 15:46:46] [AutomationController] [INFO] [Cycle 977] Processed 0 tasks in 0.00s
[2026-05-03 15:46:51] [AutomationController] [INFO] [Cycle 978] Processed 0 tasks in 0.00s
[2026-05-03 15:46:56] [AutomationController] [INFO] [Cycle 979] Processed 0 tasks in 0.00s
[2026-05-03 15:47:01] [AutomationController] [INFO] [Cycle 980] Processed 0 tasks in 0.00s
[2026-05-03 15:47:06] [AutomationController] [INFO] [Cycle 981] Processed 0 tasks in 0.00s
[2026-05-03 15:47:11] [AutomationController] [INFO] [Cycle 982] Processed 0 tasks in 0.00s
[2026-05-03 15:47:16] [AutomationController] [INFO] [Cycle 983] Processed 0 tasks in 0.00s
[2026-05-03 15:47:21] [AutomationController] [INFO] [Cycle 984] Processed 0 tasks in 0.00s
[2026-05-03 15:47:26] [AutomationController] [INFO] [Cycle 985] Processed 0 tasks in 0.00s
[2026-05-03 15:47:26] [AutomationController] [INFO] Heartbeat: {"timestamp": "2026-05-03T15:47:26.900908", "cycles_completed": 985, "tasks_processed": 0, "tasks_success": 0, "tasks_escalated": 1844, "errors": 0}
[2026-05-03 15:47:31] [AutomationController] [INFO] [Cycle 986] Processed 0 tasks in 0.00s
[2026-05-03 15:47:36] [AutomationController] [INFO] [Cycle 987] Processed 0 tasks in 0.00s
[2026-05-03 15:47:41] [AutomationController] [INFO] [Cycle 988] Processed 0 tasks in 0.00s
[2026-05-03 15:47:46] [AutomationController] [INFO] [Cycle 989] Processed 0 tasks in 0.00s
[2026-05-03 15:47:51] [AutomationController] [INFO] [Cycle 990] Processed 0 tasks in 0.00s
[2026-05-03 15:47:56] [AutomationController] [INFO] [Cycle 991] Processed 0 tasks in 0.00s
[2026-05-03 15:48:01] [AutomationController] [INFO] [Cycle 992] Processed 0 tasks in 0.00s
[2026-05-03 15:48:06] [AutomationController] [INFO] [Cycle 993] Processed 0 tasks in 0.00s
[2026-05-03 15:48:11] [AutomationController] [INFO] [Cycle 994] Processed 0 tasks in 0.00s
[2026-05-03 15:48:16] [AutomationController] [INFO] [Cycle 995] Processed 0 tasks in 0.00s
[2026-05-03 15:48:21] [AutomationController] [INFO] [Cycle 996] Processed 0 tasks in 0.00s
[2026-05-03 15:48:26] [AutomationController] [INFO] [Cycle 997] Processed 0 tasks in 0.00s
[2026-05-03 15:48:26] [AutomationController] [INFO] Heartbeat: {"timestamp": "2026-05-03T15:48:26.948047", "cycles_completed": 997, "tasks_processed": 0, "tasks_success": 0, "tasks_escalated": 1868, "errors": 0}
[2026-05-03 15:48:31] [AutomationController] [INFO] [Cycle 998] Processed 0 tasks in 0.00s
[2026-05-03 15:48:36] [AutomationController] [INFO] [Cycle 999] Processed 0 tasks in 0.00s
[2026-05-03 15:48:41] [AutomationController] [INFO] [Cycle 1000] Processed 0 tasks in 0.00s
[2026-05-03 15:48:46] [AutomationController] [INFO] [Cycle 1001] Processed 0 tasks in 0.00s
[2026-05-03 15:48:51] [AutomationController] [INFO] [Cycle 1002] Processed 0 tasks in 0.00s
[2026-05-03 15:48:56] [AutomationController] [INFO] [Cycle 1003] Processed 0 tasks in 0.00s
[2026-05-03 15:49:01] [AutomationController] [INFO] [Cycle 1004] Processed 0 tasks in 0.00s
[2026-05-03 15:49:06] [AutomationController] [INFO] [Cycle 1005] Processed 0 tasks in 0.00s
[2026-05-03 15:49:11] [AutomationController] [INFO] [Cycle 1006] Processed 0 tasks in 0.00s
[2026-05-03 15:49:16] [AutomationController] [INFO] [Cycle 1007] Processed 0 tasks in 0.00s
[2026-05-03 15:49:21] [AutomationController] [INFO] [Cycle 1008] Processed 0 tasks in 0.00s
[2026-05-03 15:49:26] [AutomationController] [INFO] [Cycle 1009] Processed 0 tasks in 0.00s
[2026-05-03 15:49:26] [AutomationController] [INFO] Heartbeat: {"timestamp": "2026-05-03T15:49:26.995477", "cycles_completed": 1009, "tasks_processed": 0, "tasks_success": 0, "tasks_escalated": 1892, "errors": 0}
[2026-05-03 15:49:31] [AutomationController] [INFO] [Cycle 1010] Processed 0 tasks in 0.00s
[2026-05-03 15:49:37] [AutomationController] [INFO] [Cycle 1011] Processed 0 tasks in 0.00s
[2026-05-03 15:49:42] [AutomationController] [INFO] [Cycle 1012] Processed 0 tasks in 0.00s
[2026-05-03 15:49:47] [AutomationController] [INFO] [Cycle 1013] Processed 0 tasks in 0.00s
[2026-05-03 15:49:52] [AutomationController] [INFO] [Cycle 1014] Processed 0 tasks in 0.00s
[2026-05-03 15:49:57] [AutomationController] [INFO] [Cycle 1015] Processed 0 tasks in 0.00s
[2026-05-03 15:50:02] [AutomationController] [INFO] [Cycle 1016] Processed 0 tasks in 0.00s
[2026-05-03 15:50:07] [AutomationController] [INFO] [Cycle 1017] Processed 0 tasks in 0.00s
[2026-05-03 15:50:12] [AutomationController] [INFO] [Cycle 1018] Processed 0 tasks in 0.00s
[2026-05-03 15:50:17] [AutomationController] [INFO] [Cycle 1019] Processed 0 tasks in 0.00s
[2026-05-03 15:50:22] [AutomationController] [INFO] [Cycle 1020] Processed 0 tasks in 0.00s
[2026-05-03 15:50:27] [AutomationController] [INFO] [Cycle 1021] Processed 0 tasks in 0.00s
[2026-05-03 15:50:27] [AutomationController] [INFO] Heartbeat: {"timestamp": "2026-05-03T15:50:27.046846", "cycles_completed": 1021, "tasks_processed": 0, "tasks_success": 0, "tasks_escalated": 1916, "errors": 0}
[2026-05-03 15:50:32] [AutomationController] [INFO] [Cycle 1022] Processed 0 tasks in 0.00s
[2026-05-03 15:50:37] [AutomationController] [INFO] [Cycle 1023] Processed 0 tasks in 0.00s
[2026-05-03 15:50:42] [AutomationController] [INFO] [Cycle 1024] Processed 0 tasks in 0.00s
[2026-05-03 15:50:47] [AutomationController] [INFO] [Cycle 1025] Processed 0 tasks in 0.00s
[2026-05-03 15:50:52] [AutomationController] [INFO] [Cycle 1026] Processed 0 tasks in 0.00s
[2026-05-03 15:50:57] [AutomationController] [INFO] [Cycle 1027] Processed 0 tasks in 0.00s
[2026-05-03 15:51:02] [AutomationController] [INFO] [Cycle 1028] Processed 0 tasks in 0.00s
[2026-05-03 15:51:07] [AutomationController] [INFO] [Cycle 1029] Processed 0 tasks in 0.00s
[2026-05-03 15:51:12] [AutomationController] [INFO] [Cycle 1030] Processed 0 tasks in 0.00s
[2026-05-03 15:51:17] [AutomationController] [INFO] [Cycle 1031] Processed 0 tasks in 0.00s
[2026-05-03 15:51:22] [AutomationController] [INFO] [Cycle 1032] Processed 0 tasks in 0.00s
[2026-05-03 15:51:27] [AutomationController] [INFO] [Cycle 1033] Processed 0 tasks in 0.00s
[2026-05-03 15:51:27] [AutomationController] [INFO] Heartbeat: {"timestamp": "2026-05-03T15:51:27.085229", "cycles_completed": 1033, "tasks_processed": 0, "tasks_success": 0, "tasks_escalated": 1940, "errors": 0}
[2026-05-03 15:51:32] [AutomationController] [INFO] [Cycle 1034] Processed 0 tasks in 0.00s
[2026-05-03 15:51:37] [AutomationController] [INFO] [Cycle 1035] Processed 0 tasks in 0.00s
[2026-05-03 15:51:42] [AutomationController] [INFO] [Cycle 1036] Processed 0 tasks in 0.00s
[2026-05-03 15:51:47] [AutomationController] [INFO] [Cycle 1037] Processed 0 tasks in 0.00s
[2026-05-03 15:51:52] [AutomationController] [INFO] [Cycle 1038] Processed 0 tasks in 0.00s
[2026-05-03 15:51:57] [AutomationController] [INFO] [Cycle 1039] Processed 0 tasks in 0.00s
[2026-05-03 15:52:02] [AutomationController] [INFO] [Cycle 1040] Processed 0 tasks in 0.00s
[2026-05-03 15:52:07] [AutomationController] [INFO] [Cycle 1041] Processed 0 tasks in 0.00s
[2026-05-03 15:52:12] [AutomationController] [INFO] [Cycle 1042] Processed 0 tasks in 0.00s
[2026-05-03 15:52:17] [AutomationController] [INFO] [Cycle 1043] Processed 0 tasks in 0.00s
[2026-05-03 15:52:22] [AutomationController] [INFO] [Cycle 1044] Processed 0 tasks in 0.00s
[2026-05-03 15:52:27] [AutomationController] [INFO] [Cycle 1045] Processed 0 tasks in 0.00s
[2026-05-03 15:52:27] [AutomationController] [INFO] Heartbeat: {"timestamp": "2026-05-03T15:52:27.155769", "cycles_completed": 1045, "tasks_processed": 0, "tasks_success": 0, "tasks_escalated": 1964, "errors": 0}
[2026-05-03 15:52:32] [AutomationController] [INFO] [Cycle 1046] Processed 0 tasks in 0.00s
[2026-05-03 15:52:37] [AutomationController] [INFO] [Cycle 1047] Processed 0 tasks in 0.00s
[2026-05-03 15:52:42] [AutomationController] [INFO] [Cycle 1048] Processed 0 tasks in 0.00s
[2026-05-03 15:52:47] [AutomationController] [INFO] [Cycle 1049] Processed 0 tasks in 0.00s
[2026-05-03 15:52:52] [AutomationController] [INFO] [Cycle 1050] Processed 0 tasks in 0.00s
[2026-05-03 15:52:57] [AutomationController] [INFO] [Cycle 1051] Processed 0 tasks in 0.00s
[2026-05-03 15:53:02] [AutomationController] [INFO] [Cycle 1052] Processed 0 tasks in 0.00s
[2026-05-03 15:53:07] [AutomationController] [INFO] [Cycle 1053] Processed 0 tasks in 0.00s
[2026-05-03 15:53:12] [AutomationController] [INFO] [Cycle 1054] Processed 0 tasks in 0.00s
[2026-05-03 15:53:17] [AutomationController] [INFO] [Cycle 1055] Processed 0 tasks in 0.00s
[2026-05-03 15:53:22] [AutomationController] [INFO] [Cycle 1056] Processed 0 tasks in 0.00s
[2026-05-03 15:53:27] [AutomationController] [INFO] [Cycle 1057] Processed 0 tasks in 0.00s
[2026-05-03 15:53:27] [AutomationController] [INFO] Heartbeat: {"timestamp": "2026-05-03T15:53:27.203630", "cycles_completed": 1057, "tasks_processed": 0, "tasks_success": 0, "tasks_escalated": 1988, "errors": 0}
[2026-05-03 15:53:32] [AutomationController] [INFO] [Cycle 1058] Processed 0 tasks in 0.00s
[2026-05-03 15:53:37] [AutomationController] [INFO] [Cycle 1059] Processed 0 tasks in 0.00s
[2026-05-03 15:53:42] [AutomationController] [INFO] [Cycle 1060] Processed 0 tasks in 0.00s
